ID,Attrition
1,0.9357142857142857
2,1.0
3,1.0
4,0.9914285714285714
5,0.9742857142857143
6,1.0
7,0.5957142857142858
8,1.0
9,0.9985714285714286
10,1.0
11,1.0
12,0.9971428571428571
13,1.0
14,0.9971428571428571
15,1.0
16,1.0
17,0.9271428571428572
18,1.0
19,1.0
20,1.0
21,0.9985714285714286
22,0.9771428571428571
23,0.9985714285714286
24,0.9985714285714286
25,0.9728571428571429
26,0.9985714285714286
27,0.9942857142857143
28,0.4942857142857143
29,0.9957142857142857
30,1.0
31,0.7914285714285715
32,0.9928571428571429
33,1.0
34,0.9985714285714286
35,1.0
36,0.93
37,0.8114285714285714
38,0.9914285714285714
39,0.9985714285714286
40,0.9942857142857143
41,0.4
42,0.9985714285714286
43,1.0
44,0.9871428571428571
45,0.3028571428571429
46,1.0
47,0.9814285714285714
48,0.9842857142857143
49,0.9957142857142857
50,0.99
51,0.9971428571428571
52,0.9985714285714286
53,0.96
54,1.0
55,1.0
56,1.0
57,1.0
58,0.9985714285714286
59,0.9642857142857143
60,1.0
61,1.0
62,0.99
63,1.0
64,0.9957142857142857
65,0.9928571428571429
66,0.9414285714285714
67,0.9914285714285714
68,0.9985714285714286
69,0.9871428571428571
70,0.9885714285714285
71,0.9985714285714286
72,1.0
73,1.0
74,1.0
75,1.0
76,0.9742857142857143
77,0.9985714285714286
78,0.9914285714285714
79,1.0
80,0.9928571428571429
81,0.9685714285714285
82,0.9871428571428571
83,0.9814285714285714
84,1.0
85,0.9942857142857143
86,0.9985714285714286
87,0.9942857142857143
88,1.0
89,1.0
90,0.9971428571428571
91,0.9971428571428571
92,0.9885714285714285
93,0.9414285714285714
94,1.0
95,0.9985714285714286
96,0.9985714285714286
97,0.9942857142857143
98,0.9942857142857143
99,1.0
100,1.0
101,1.0
102,0.99
103,0.37285714285714283
104,0.9985714285714286
105,0.9985714285714286
106,1.0
107,0.7742857142857142
108,1.0
109,0.9757142857142858
110,1.0
111,0.9328571428571428
112,0.9942857142857143
113,0.9985714285714286
114,1.0
115,0.9914285714285714
116,0.9985714285714286
117,0.9985714285714286
118,0.9457142857142857
119,0.9885714285714285
120,1.0
121,0.9971428571428571
122,1.0
123,0.98
124,0.9985714285714286
125,0.9971428571428571
126,0.9214285714285714
127,0.9957142857142857
128,0.84
129,1.0
130,0.9985714285714286
131,0.9885714285714285
132,0.7514285714285714
133,1.0
134,0.9971428571428571
135,0.9914285714285714
136,0.9542857142857143
137,0.9885714285714285
138,0.9985714285714286
139,0.9371428571428572
140,1.0
141,0.9914285714285714
142,0.9985714285714286
143,0.9871428571428571
144,0.8171428571428572
145,0.9842857142857143
146,0.9942857142857143
147,1.0
148,1.0
149,0.9985714285714286
150,0.9957142857142857
151,0.9957142857142857
152,1.0
153,1.0
154,1.0
155,0.9414285714285714
156,1.0
157,0.9657142857142857
158,0.4357142857142857
159,0.9971428571428571
160,0.72
161,1.0
162,0.9942857142857143
163,0.9985714285714286
164,0.9971428571428571
165,0.9114285714285715
166,0.9628571428571429
167,0.9457142857142857
168,1.0
169,0.9614285714285714
170,0.9885714285714285
171,1.0
172,1.0
173,0.92
174,0.98
175,1.0
176,0.9342857142857143
177,1.0
178,0.9757142857142858
179,0.9857142857142858
180,0.9842857142857143
181,1.0
182,1.0
183,0.9985714285714286
184,0.9928571428571429
185,0.9914285714285714
186,0.9985714285714286
187,0.9985714285714286
188,0.9985714285714286
189,1.0
190,1.0
191,0.9957142857142857
192,0.9957142857142857
193,0.8957142857142857
194,0.9328571428571428
195,0.99
196,1.0
197,1.0
198,1.0
199,0.8985714285714286
200,0.9871428571428571
201,1.0
202,0.9885714285714285
203,0.7514285714285714
204,0.9971428571428571
205,0.7671428571428571
206,0.9985714285714286
207,1.0
208,0.99
209,0.9985714285714286
210,0.9685714285714285
211,0.7028571428571428
212,0.9957142857142857
213,1.0
214,1.0
215,0.9971428571428571
216,0.9942857142857143
217,0.9928571428571429
218,0.9785714285714285
219,0.9971428571428571
220,0.9642857142857143
221,0.98
222,1.0
223,1.0
224,0.46285714285714286
225,0.9885714285714285
226,0.99
227,0.7185714285714285
228,0.9885714285714285
229,0.9942857142857143
230,0.7457142857142857
231,0.98
232,1.0
233,0.9871428571428571
234,0.9785714285714285
235,0.9957142857142857
236,0.9957142857142857
237,1.0
238,0.9757142857142858
239,0.9942857142857143
240,0.9928571428571429
241,1.0
242,0.3457142857142857
243,0.9985714285714286
244,0.9985714285714286
245,0.9957142857142857
246,1.0
247,0.9514285714285714
248,0.92
249,0.8585714285714285
250,1.0
251,0.99
252,0.9985714285714286
253,0.9871428571428571
254,0.9728571428571429
255,0.78
256,0.9971428571428571
257,0.7928571428571428
258,0.9528571428571428
259,0.6971428571428572
260,0.9985714285714286
261,0.9985714285714286
262,0.9942857142857143
263,1.0
264,0.9642857142857143
265,0.8642857142857143
266,0.9771428571428571
267,0.9257142857142857
268,0.9985714285714286
269,0.9985714285714286
270,1.0
271,0.9814285714285714
272,1.0
273,0.9928571428571429
274,0.9728571428571429
275,0.9971428571428571
276,0.88
277,0.9628571428571429
278,0.8885714285714286
279,0.3871428571428571
280,0.9685714285714285
281,1.0
282,0.9428571428571428
283,0.9914285714285714
284,0.7685714285714286
285,1.0
286,0.9214285714285714
287,0.99
288,0.9971428571428571
289,0.9857142857142858
290,0.8328571428571429
291,0.7871428571428571
292,1.0
293,0.9771428571428571
294,0.9157142857142857
295,0.26142857142857145
296,0.08
297,0.18857142857142858
298,0.9885714285714285
299,1.0
300,1.0
301,0.9985714285714286
302,1.0
303,0.9914285714285714
304,0.99
305,0.5328571428571428
306,0.9914285714285714
307,0.9971428571428571
308,0.94
309,0.6914285714285714
310,0.9985714285714286
311,0.9957142857142857
312,0.9742857142857143
313,0.9585714285714285
314,0.9971428571428571
315,0.97
316,0.9757142857142858
317,0.99
318,0.9942857142857143
319,0.9785714285714285
320,0.24857142857142858
321,0.9471428571428572
322,0.9971428571428571
323,0.9285714285714286
324,0.9942857142857143
325,0.8042857142857143
326,0.7442857142857143
327,0.9957142857142857
328,0.9985714285714286
329,0.9914285714285714
330,0.9471428571428572
331,0.9885714285714285
332,0.9742857142857143
333,0.08
334,0.8985714285714286
335,0.9857142857142858
336,0.85
337,0.9771428571428571
338,0.9914285714285714
339,0.9914285714285714
340,0.9985714285714286
341,1.0
342,0.9371428571428572
343,1.0
344,1.0
345,0.9914285714285714
346,0.9428571428571428
347,1.0
348,1.0
349,0.2342857142857143
350,0.8728571428571429
351,0.9657142857142857
352,0.9985714285714286
353,1.0
354,0.9928571428571429
355,0.9942857142857143
356,0.9885714285714285
357,1.0
358,1.0
359,0.94
360,0.99
361,0.9228571428571428
362,0.9914285714285714
363,0.8314285714285714
364,1.0
365,0.9942857142857143
366,0.9971428571428571
367,0.9885714285714285
368,0.9971428571428571
369,0.94
370,0.7671428571428571
371,0.9885714285714285
372,0.9871428571428571
373,0.9614285714285714
374,1.0
375,0.9571428571428572
376,0.9914285714285714
377,0.9914285714285714
378,0.9871428571428571
379,1.0
380,0.9985714285714286
381,0.9957142857142857
382,0.9942857142857143
383,0.9971428571428571
384,1.0
385,0.9885714285714285
386,0.9957142857142857
387,1.0
388,0.9457142857142857
389,0.9985714285714286
390,0.9914285714285714
391,0.9442857142857143
392,0.9357142857142857
393,0.9471428571428572
394,0.9785714285714285
395,0.9714285714285714
396,1.0
397,0.8714285714285714
398,0.42
399,0.9471428571428572
400,1.0
401,0.96
402,0.9471428571428572
403,1.0
404,0.9942857142857143
405,0.9857142857142858
406,0.9885714285714285
407,0.9657142857142857
408,0.9928571428571429
409,0.9985714285714286
410,1.0
411,0.9971428571428571
412,1.0
413,0.9942857142857143
414,1.0
415,0.7457142857142857
416,0.9985714285714286
417,1.0
418,0.8814285714285715
419,0.2814285714285714
420,0.9885714285714285
421,0.98
422,0.9942857142857143
423,0.94
424,0.9814285714285714
425,0.9985714285714286
426,0.99
427,0.9528571428571428
428,0.9928571428571429
429,0.6228571428571429
430,0.8928571428571429
431,0.9842857142857143
432,0.9942857142857143
433,0.9971428571428571
434,0.19857142857142857
435,0.9842857142857143
436,0.98
437,0.9142857142857143
438,0.9228571428571428
439,0.42142857142857143
440,0.9971428571428571
441,0.9971428571428571
442,1.0
443,1.0
444,0.9985714285714286
445,1.0
446,0.9985714285714286
447,0.9871428571428571
448,0.9914285714285714
449,0.9985714285714286
450,0.9842857142857143
451,0.6542857142857142
452,0.6857142857142857
453,0.9742857142857143
454,0.8485714285714285
455,0.9614285714285714
456,0.93
457,0.9985714285714286
458,0.9871428571428571
459,1.0
460,1.0
461,0.9814285714285714
462,0.9857142857142858
463,0.9028571428571428
464,0.8642857142857143
465,0.81
466,0.9971428571428571
467,0.3585714285714286
468,0.9971428571428571
469,0.9928571428571429
470,0.9557142857142857
471,0.73
472,0.9971428571428571
473,0.9871428571428571
474,0.8
475,0.9885714285714285
476,0.9414285714285714
477,0.9957142857142857
478,1.0
479,0.9842857142857143
480,0.6171428571428571
481,1.0
482,0.9785714285714285
483,1.0
484,0.9985714285714286
485,0.9914285714285714
486,0.9985714285714286
487,0.9985714285714286
488,1.0
489,0.9914285714285714
490,0.032857142857142856
491,0.98
492,1.0
493,0.9942857142857143
494,0.9785714285714285
495,0.9985714285714286
496,0.6628571428571428
497,0.9371428571428572
498,0.9771428571428571
499,0.041428571428571426
500,0.9742857142857143
501,1.0
502,0.4942857142857143
503,0.9971428571428571
504,0.9942857142857143
505,0.9542857142857143
506,1.0
507,0.9957142857142857
508,1.0
509,0.9942857142857143
510,1.0
511,0.9971428571428571
512,0.9071428571428571
513,1.0
514,0.9871428571428571
515,0.98
516,1.0
517,0.9971428571428571
518,0.6414285714285715
519,0.19428571428571428
520,0.9857142857142858
521,0.9757142857142858
522,0.28
523,0.9957142857142857
524,0.9314285714285714
525,1.0
526,0.95
527,0.9942857142857143
528,1.0
529,0.01
530,0.9928571428571429
531,0.9742857142857143
532,1.0
533,1.0
534,0.8528571428571429
535,0.9614285714285714
536,0.9442857142857143
537,0.9928571428571429
538,0.9685714285714285
539,0.9714285714285714
540,0.9928571428571429
541,1.0
542,1.0
543,1.0
544,0.11857142857142858
545,0.9985714285714286
546,1.0
547,0.94
548,0.99
549,0.9957142857142857
550,0.9885714285714285
551,0.9571428571428572
552,1.0
553,1.0
554,0.9985714285714286
555,0.9985714285714286
556,0.7814285714285715
557,1.0
558,0.94
559,0.9271428571428572
560,1.0
561,0.99
562,0.9928571428571429
563,0.9971428571428571
564,0.9985714285714286
565,1.0
566,1.0
567,0.9528571428571428
568,0.9957142857142857
569,0.9671428571428572
570,0.9971428571428571
571,0.9914285714285714
572,0.7928571428571428
573,0.9671428571428572
574,0.25857142857142856
575,0.5042857142857143
576,0.9785714285714285
577,1.0
578,0.9985714285714286
579,0.9985714285714286
580,0.9114285714285715
581,0.9871428571428571
582,0.8128571428571428
583,1.0
584,0.9985714285714286
585,0.9885714285714285
586,0.8157142857142857
587,0.9857142857142858
588,0.9828571428571429
589,0.98
590,1.0
591,1.0
592,0.9871428571428571
593,0.9985714285714286
594,0.9985714285714286
595,0.9957142857142857
596,0.9985714285714286
597,1.0
598,0.8871428571428571
599,0.9614285714285714
600,0.91
601,0.9871428571428571
602,0.7628571428571429
603,0.9957142857142857
604,0.9357142857142857
605,0.9957142857142857
606,1.0
607,0.9985714285714286
608,0.9971428571428571
609,0.9985714285714286
610,1.0
611,1.0
612,1.0
613,0.9828571428571429
614,0.9971428571428571
615,1.0
616,0.02142857142857143
617,0.76
618,0.9657142857142857
619,0.9114285714285715
620,0.9928571428571429
621,0.9871428571428571
622,0.9842857142857143
623,0.9942857142857143
624,0.9914285714285714
625,0.7385714285714285
626,0.9985714285714286
627,1.0
628,1.0
629,0.008571428571428572
630,0.03428571428571429
631,0.002857142857142857
632,0.08857142857142856
633,0.1442857142857143
634,0.0014285714285714286
635,0.18428571428571427
636,0.005714285714285714
637,0.024285714285714285
638,0.011428571428571429
639,0.004285714285714286
640,0.004285714285714286
641,0.002857142857142857
642,0.0014285714285714286
643,0.13
644,0.02
645,0.005714285714285714
646,0.0014285714285714286
647,0.017142857142857144
648,0.0014285714285714286
649,0.005714285714285714
650,0.11428571428571428
651,0.022857142857142857
652,0.0014285714285714286
653,0.004285714285714286
654,0.018571428571428572
655,0.03142857142857143
656,0.0014285714285714286
657,0.011428571428571429
658,0.0
659,0.03142857142857143
660,0.12285714285714286
661,0.0014285714285714286
662,0.004285714285714286
663,0.0014285714285714286
664,0.0014285714285714286
665,0.02
666,0.045714285714285714
667,0.005714285714285714
668,0.027142857142857142
669,0.0014285714285714286
670,0.0014285714285714286
671,0.047142857142857146
672,0.004285714285714286
673,0.004285714285714286
674,0.0
675,0.01
676,0.014285714285714285
677,0.032857142857142856
678,0.0014285714285714286
679,0.08428571428571428
680,0.041428571428571426
681,0.047142857142857146
682,0.0
683,0.012857142857142857
684,0.0
685,0.33285714285714285
686,0.15285714285714286
687,0.0014285714285714286
688,0.017142857142857144
689,0.0014285714285714286
690,0.0014285714285714286
691,0.05
692,0.007142857142857143
693,0.0014285714285714286
694,0.0014285714285714286
695,0.06142857142857143
696,0.014285714285714285
697,0.037142857142857144
698,0.005714285714285714
699,0.0
700,0.002857142857142857
701,0.011428571428571429
702,0.004285714285714286
703,0.0014285714285714286
704,0.047142857142857146
705,0.0014285714285714286
706,0.022857142857142857
707,0.0014285714285714286
708,0.0
709,0.002857142857142857
710,0.002857142857142857
711,0.0
712,0.04857142857142857
713,0.0014285714285714286
714,0.015714285714285715
715,0.06
716,0.0
717,0.0
718,0.0
719,0.0
720,0.0
721,0.0
722,0.015714285714285715
723,0.03428571428571429
724,0.005714285714285714
725,0.0
726,0.002857142857142857
727,0.1957142857142857
728,0.0
729,0.008571428571428572
730,0.012857142857142857
731,0.0
732,0.14285714285714285
733,0.005714285714285714
734,0.03428571428571429
735,0.0
736,0.10714285714285714
737,0.0
738,0.002857142857142857
739,0.002857142857142857
740,0.0
741,0.04285714285714286
742,0.027142857142857142
743,0.007142857142857143
744,0.04428571428571428
745,0.011428571428571429
746,0.004285714285714286
747,0.0014285714285714286
748,0.005714285714285714
749,0.0
750,0.024285714285714285
751,0.014285714285714285
752,0.0014285714285714286
753,0.0014285714285714286
754,0.007142857142857143
755,0.0014285714285714286
756,0.06142857142857143
757,0.018571428571428572
758,0.0
759,0.004285714285714286
760,0.05
761,0.008571428571428572
762,0.004285714285714286
763,0.11857142857142858
764,0.3
765,0.15571428571428572
766,0.005714285714285714
767,0.004285714285714286
768,0.005714285714285714
769,0.03142857142857143
770,0.007142857142857143
771,0.0
772,0.002857142857142857
773,0.012857142857142857
774,0.0
775,0.0
776,0.041428571428571426
777,0.07428571428571429
778,0.34
779,0.0014285714285714286
780,0.014285714285714285
781,0.06714285714285714
782,0.9314285714285714
783,0.004285714285714286
784,0.008571428571428572
785,0.037142857142857144
786,0.02857142857142857
787,0.012857142857142857
788,0.09285714285714286
789,0.01
790,0.01
791,0.007142857142857143
792,0.0014285714285714286
793,0.19
794,0.015714285714285715
795,0.10142857142857142
796,0.02
797,0.05
798,0.06857142857142857
799,0.03571428571428571
800,0.007142857142857143
801,0.004285714285714286
802,0.07428571428571429
803,0.002857142857142857
804,0.0
805,0.004285714285714286
806,0.024285714285714285
807,0.04
808,0.0
809,0.005714285714285714
810,0.0014285714285714286
811,0.004285714285714286
812,0.005714285714285714
813,0.007142857142857143
814,0.004285714285714286
815,0.041428571428571426
816,0.005714285714285714
817,0.0
818,0.0
819,0.0014285714285714286
820,0.01
821,0.014285714285714285
822,0.0
823,0.12
824,0.004285714285714286
825,0.008571428571428572
826,0.07285714285714286
827,0.004285714285714286
828,0.007142857142857143
829,0.004285714285714286
830,0.002857142857142857
831,0.004285714285714286
832,0.014285714285714285
833,0.004285714285714286
834,0.008571428571428572
835,0.004285714285714286
836,0.0
837,0.0
838,0.0014285714285714286
839,0.012857142857142857
840,0.022857142857142857
841,0.005714285714285714
842,0.02
843,0.02
844,0.017142857142857144
845,0.0014285714285714286
846,0.0
847,0.0
848,0.027142857142857142
849,0.05285714285714286
850,0.0
851,0.002857142857142857
852,0.17
853,0.022857142857142857
854,0.015714285714285715
855,0.018571428571428572
856,0.002857142857142857
857,0.02142857142857143
858,0.05857142857142857
859,0.0
860,0.0
861,0.017142857142857144
862,0.004285714285714286
863,0.018571428571428572
864,0.027142857142857142
865,0.002857142857142857
866,0.002857142857142857
867,0.0014285714285714286
868,0.13
869,0.02857142857142857
870,0.0
871,0.022857142857142857
872,0.0014285714285714286
873,0.015714285714285715
874,0.004285714285714286
875,0.13714285714285715
876,0.005714285714285714
877,0.06714285714285714
878,0.04285714285714286
879,0.004285714285714286
880,0.04857142857142857
881,0.0
882,0.07285714285714286
883,0.06142857142857143
884,0.011428571428571429
885,0.0
886,0.012857142857142857
887,0.011428571428571429
888,0.037142857142857144
889,0.037142857142857144
890,0.18142857142857144
891,0.04285714285714286
892,0.02
893,0.015714285714285715
894,0.024285714285714285
895,0.032857142857142856
896,0.0014285714285714286
897,0.007142857142857143
898,0.0
899,0.007142857142857143
900,0.06571428571428571
901,0.002857142857142857
902,0.0014285714285714286
903,0.004285714285714286
904,0.0
905,0.0
906,0.025714285714285714
907,0.007142857142857143
908,0.005714285714285714
909,0.005714285714285714
910,0.0014285714285714286
911,0.005714285714285714
912,0.025714285714285714
913,0.0
914,0.06
915,0.005714285714285714
916,0.08571428571428572
917,0.0
918,0.011428571428571429
919,0.002857142857142857
920,0.014285714285714285
921,0.06857142857142857
922,0.027142857142857142
923,0.9557142857142857
924,0.017142857142857144
925,0.11428571428571428
926,0.0
927,0.02857142857142857
928,0.0
929,0.0
930,0.0
931,0.05142857142857143
932,0.002857142857142857
933,0.008571428571428572
934,0.007142857142857143
935,0.011428571428571429
936,0.04857142857142857
937,0.0
938,0.022857142857142857
939,0.0
940,0.018571428571428572
941,0.022857142857142857
942,0.012857142857142857
943,0.004285714285714286
944,0.007142857142857143
945,0.014285714285714285
946,0.005714285714285714
947,0.004285714285714286
948,0.01
949,0.0
950,0.0
951,0.004285714285714286
952,0.0
953,0.03142857142857143
954,0.0
955,0.022857142857142857
956,0.005714285714285714
957,0.0014285714285714286
958,0.0
959,0.007142857142857143
960,0.037142857142857144
961,0.002857142857142857
962,0.02142857142857143
963,0.004285714285714286
964,0.002857142857142857
965,0.02142857142857143
966,0.01
967,0.0014285714285714286
968,0.0
969,0.0
970,0.012857142857142857
971,0.005714285714285714
972,0.02142857142857143
973,0.0014285714285714286
974,0.027142857142857142
975,0.0014285714285714286
976,0.04
977,0.0
978,0.017142857142857144
979,0.05
980,0.03571428571428571
981,0.02
982,0.06714285714285714
983,0.002857142857142857
984,0.022857142857142857
985,0.0
986,0.002857142857142857
987,0.06142857142857143
988,0.03857142857142857
989,0.06428571428571428
990,0.002857142857142857
991,0.2814285714285714
992,0.025714285714285714
993,0.012857142857142857
994,0.0
995,0.004285714285714286
996,0.012857142857142857
997,0.004285714285714286
998,0.0
999,0.05
1000,0.0
1001,0.01
1002,0.004285714285714286
1003,0.0
1004,0.04
1005,0.005714285714285714
1006,0.09428571428571429
1007,0.011428571428571429
1008,0.0
1009,0.007142857142857143
1010,0.01
1011,0.004285714285714286
1012,0.017142857142857144
1013,0.002857142857142857
1014,0.06571428571428571
1015,0.0014285714285714286
1016,0.007142857142857143
1017,0.0014285714285714286
1018,0.0
1019,0.007142857142857143
1020,0.05
1021,0.0014285714285714286
1022,0.03
1023,0.27285714285714285
1024,0.007142857142857143
1025,0.002857142857142857
1026,0.0014285714285714286
1027,0.0
1028,0.008571428571428572
1029,0.08857142857142856
1030,0.022857142857142857
1031,0.06
1032,0.0
1033,0.0
1034,0.002857142857142857
1035,0.014285714285714285
1036,0.008571428571428572
1037,0.02142857142857143
1038,0.002857142857142857
1039,0.002857142857142857
1040,0.004285714285714286
1041,0.017142857142857144
1042,0.31857142857142856
1043,0.10857142857142857
1044,0.0
1045,0.0
1046,0.015714285714285715
1047,0.0
1048,0.014285714285714285
1049,0.007142857142857143
1050,0.025714285714285714
1051,0.08285714285714285
1052,0.017142857142857144
1053,0.0014285714285714286
1054,0.11714285714285715
1055,0.014285714285714285
1056,0.055714285714285716
1057,0.19
1058,0.03
1059,0.012857142857142857
1060,0.007142857142857143
1061,0.0
1062,0.09
1063,0.002857142857142857
1064,0.027142857142857142
1065,0.01
1066,0.005714285714285714
1067,0.007142857142857143
1068,0.022857142857142857
1069,0.20142857142857143
1070,0.024285714285714285
1071,0.002857142857142857
1072,0.02
1073,0.0
1074,0.0
1075,0.0
1076,0.0
1077,0.09
1078,0.0014285714285714286
1079,0.0014285714285714286
1080,0.0014285714285714286
1081,0.0014285714285714286
1082,0.008571428571428572
1083,0.0
1084,0.0014285714285714286
1085,0.004285714285714286
1086,0.0
1087,0.027142857142857142
1088,0.024285714285714285
1089,0.0
1090,0.005714285714285714
1091,0.024285714285714285
1092,0.06428571428571428
1093,0.004285714285714286
1094,0.0
1095,0.0
1096,0.014285714285714285
1097,0.0014285714285714286
1098,0.007142857142857143
1099,0.007142857142857143
1100,0.0
1101,0.005714285714285714
1102,0.09714285714285714
1103,0.0
1104,0.0014285714285714286
1105,0.08714285714285715
1106,0.0
1107,0.0014285714285714286
1108,0.03142857142857143
1109,0.002857142857142857
1110,0.03428571428571429
1111,0.015714285714285715
1112,0.007142857142857143
1113,0.0
1114,0.0014285714285714286
1115,0.0
1116,0.01
1117,0.012857142857142857
1118,0.007142857142857143
1119,0.025714285714285714
1120,0.004285714285714286
1121,0.014285714285714285
1122,0.0
1123,0.05142857142857143
1124,0.014285714285714285
1125,0.02
1126,0.004285714285714286
1127,0.002857142857142857
1128,0.0014285714285714286
1129,0.0
1130,0.0
1131,0.0
1132,0.037142857142857144
1133,0.08571428571428572
1134,0.002857142857142857
1135,0.002857142857142857
1136,0.002857142857142857
1137,0.02142857142857143
1138,0.05142857142857143
1139,0.018571428571428572
1140,0.01
1141,0.12571428571428572
1142,0.014285714285714285
1143,0.09571428571428571
1144,0.005714285714285714
1145,0.025714285714285714
1146,0.0
1147,0.03571428571428571
1148,0.0014285714285714286
1149,0.011428571428571429
1150,0.002857142857142857
1151,0.0
1152,0.018571428571428572
1153,0.022857142857142857
1154,0.027142857142857142
1155,0.002857142857142857
1156,0.002857142857142857
1157,0.024285714285714285
1158,0.005714285714285714
1159,0.01
1160,0.05285714285714286
1161,0.011428571428571429
1162,0.06142857142857143
1163,0.26571428571428574
1164,0.017142857142857144
1165,0.21285714285714286
1166,0.0014285714285714286
1167,0.007142857142857143
1168,0.37142857142857144
1169,0.0
1170,0.0014285714285714286
1171,0.0
1172,0.022857142857142857
1173,0.0014285714285714286
1174,0.0014285714285714286
1175,0.0014285714285714286
1176,0.0
1177,0.007142857142857143
1178,0.10571428571428572
1179,0.004285714285714286
1180,0.002857142857142857
1181,0.002857142857142857
1182,0.011428571428571429
1183,0.0
1184,0.0
1185,0.004285714285714286
1186,0.0
1187,0.002857142857142857
1188,0.0
1189,0.0
1190,0.002857142857142857
1191,0.005714285714285714
1192,0.04857142857142857
1193,0.0014285714285714286
1194,0.008571428571428572
1195,0.02
1196,0.004285714285714286
1197,0.004285714285714286
1198,0.011428571428571429
1199,0.055714285714285716
1200,0.0014285714285714286
1201,0.0
1202,0.0
1203,0.002857142857142857
1204,0.004285714285714286
1205,0.14857142857142858
1206,0.032857142857142856
1207,0.005714285714285714
1208,0.0014285714285714286
1209,0.0
1210,0.22142857142857142
1211,0.004285714285714286
1212,0.011428571428571429
1213,0.05142857142857143
1214,0.0014285714285714286
1215,0.10285714285714286
1216,0.027142857142857142
1217,0.0014285714285714286
1218,0.09714285714285714
1219,0.005714285714285714
1220,0.0014285714285714286
1221,0.04285714285714286
1222,0.005714285714285714
1223,0.008571428571428572
1224,0.002857142857142857
1225,0.008571428571428572
1226,0.005714285714285714
1227,0.002857142857142857
1228,0.004285714285714286
1229,0.0
1230,0.017142857142857144
1231,0.011428571428571429
1232,0.04428571428571428
1233,0.011428571428571429
1234,0.002857142857142857
1235,0.05285714285714286
1236,0.13
1237,0.06142857142857143
1238,0.22857142857142856
1239,0.1957142857142857
1240,0.007142857142857143
1241,0.0014285714285714286
1242,0.04428571428571428
1243,0.05285714285714286
1244,0.005714285714285714
1245,0.0
1246,0.0
1247,0.09142857142857143
1248,0.0
1249,0.008571428571428572
1250,0.0
1251,0.0
1252,0.10142857142857142
1253,0.018571428571428572
1254,0.002857142857142857
1255,0.0014285714285714286
1256,0.041428571428571426
1257,0.03857142857142857
1258,0.0
1259,0.002857142857142857
1260,0.047142857142857146
1261,0.01
1262,0.0
1263,0.0014285714285714286
1264,0.007142857142857143
1265,0.007142857142857143
1266,0.07
1267,0.002857142857142857
1268,0.08285714285714285
1269,0.02
1270,0.012857142857142857
1271,0.0014285714285714286
1272,0.06857142857142857
1273,0.08714285714285715
1274,0.008571428571428572
1275,0.002857142857142857
1276,0.007142857142857143
1277,0.015714285714285715
1278,0.004285714285714286
1279,0.014285714285714285
1280,0.014285714285714285
1281,0.012857142857142857
1282,0.11285714285714285
1283,0.0014285714285714286
1284,0.014285714285714285
1285,0.025714285714285714
1286,0.0
1287,0.01
1288,0.017142857142857144
1289,0.005714285714285714
1290,0.15571428571428572
1291,0.06142857142857143
1292,0.014285714285714285
1293,0.0014285714285714286
1294,0.007142857142857143
1295,0.0
1296,0.0014285714285714286
1297,0.004285714285714286
1298,0.007142857142857143
1299,0.022857142857142857
1300,0.004285714285714286
1301,0.0014285714285714286
1302,0.07714285714285714
1303,0.05142857142857143
1304,0.0014285714285714286
1305,0.0014285714285714286
1306,0.18285714285714286
1307,0.012857142857142857
1308,0.004285714285714286
1309,0.07571428571428572
1310,0.017142857142857144
1311,0.018571428571428572
1312,0.0
1313,0.0014285714285714286
1314,0.22428571428571428
1315,0.0014285714285714286
1316,0.0
1317,0.0
1318,0.13428571428571429
1319,0.02
1320,0.012857142857142857
1321,0.06285714285714286
1322,0.015714285714285715
1323,0.0014285714285714286
1324,0.008571428571428572
1325,0.012857142857142857
1326,0.05714285714285714
1327,0.017142857142857144
1328,0.024285714285714285
1329,0.004285714285714286
1330,0.014285714285714285
1331,0.002857142857142857
1332,0.06
1333,0.002857142857142857
1334,0.02
1335,0.007142857142857143
1336,0.04
1337,0.0
1338,0.0
1339,0.004285714285714286
1340,0.002857142857142857
1341,0.0
1342,0.0014285714285714286
1343,0.0
1344,0.002857142857142857
1345,0.03
1346,0.09857142857142857
1347,0.07428571428571429
1348,0.06714285714285714
1349,0.037142857142857144
1350,0.0
1351,0.01
1352,0.21285714285714286
1353,0.06
1354,0.054285714285714284
1355,0.004285714285714286
1356,0.011428571428571429
1357,0.0014285714285714286
1358,0.0
1359,0.008571428571428572
1360,0.0
1361,0.002857142857142857
1362,0.0014285714285714286
1363,0.002857142857142857
1364,0.02
1365,0.0014285714285714286
1366,0.12428571428571429
1367,0.011428571428571429
1368,0.09142857142857143
1369,0.01
1370,0.01
1371,0.007142857142857143
1372,0.012857142857142857
1373,0.21571428571428572
1374,0.03142857142857143
1375,0.0014285714285714286
1376,0.02857142857142857
1377,0.004285714285714286
1378,0.005714285714285714
1379,0.041428571428571426
1380,0.0014285714285714286
1381,0.004285714285714286
1382,0.0
1383,0.024285714285714285
1384,0.07857142857142857
1385,0.0
1386,0.011428571428571429
1387,0.0014285714285714286
1388,0.011428571428571429
1389,0.0014285714285714286
1390,0.004285714285714286
1391,0.01
1392,0.041428571428571426
1393,0.0
1394,0.0
1395,0.0014285714285714286
1396,0.0
1397,0.011428571428571429
1398,0.06857142857142857
1399,0.0014285714285714286
1400,0.007142857142857143
1401,0.0
1402,0.01
1403,0.004285714285714286
1404,0.0
1405,0.0
1406,0.014285714285714285
1407,0.1442857142857143
1408,0.008571428571428572
1409,0.0
1410,0.005714285714285714
1411,0.012857142857142857
1412,0.11857142857142858
1413,0.022857142857142857
1414,0.2957142857142857
1415,0.0
1416,0.0
1417,0.15
1418,0.007142857142857143
1419,0.06285714285714286
1420,0.06
1421,0.054285714285714284
1422,0.004285714285714286
1423,0.14
1424,0.007142857142857143
1425,0.01
1426,0.002857142857142857
1427,0.0014285714285714286
1428,0.0
1429,0.0
1430,0.027142857142857142
1431,0.008571428571428572
1432,0.032857142857142856
1433,0.007142857142857143
1434,0.06
1435,0.015714285714285715
1436,0.0014285714285714286
1437,0.0
1438,0.007142857142857143
1439,0.08428571428571428
1440,0.012857142857142857
1441,0.03857142857142857
1442,0.005714285714285714
1443,0.0014285714285714286
1444,0.004285714285714286
1445,0.017142857142857144
1446,0.008571428571428572
1447,0.0
1448,0.02142857142857143
1449,0.0
1450,0.017142857142857144
1451,0.025714285714285714
1452,0.0014285714285714286
1453,0.007142857142857143
1454,0.2257142857142857
1455,0.05142857142857143
1456,0.0
1457,0.0
1458,0.007142857142857143
1459,0.002857142857142857
1460,0.007142857142857143
1461,0.0
1462,0.002857142857142857
1463,0.004285714285714286
1464,0.002857142857142857
1465,0.0014285714285714286
1466,0.0
1467,0.008571428571428572
1468,0.0014285714285714286
1469,0.002857142857142857
1470,0.005714285714285714
1471,0.0
1472,0.09714285714285714
1473,0.011428571428571429
1474,0.004285714285714286
1475,0.06
1476,0.03571428571428571
1477,0.0
1478,0.007142857142857143
1479,0.027142857142857142
1480,0.0014285714285714286
1481,0.004285714285714286
1482,0.01
1483,0.0
1484,0.0014285714285714286
1485,0.004285714285714286
1486,0.045714285714285714
1487,0.004285714285714286
1488,0.04285714285714286
1489,0.012857142857142857
1490,0.011428571428571429
1491,0.004285714285714286
1492,0.0
1493,0.0014285714285714286
1494,0.004285714285714286
1495,0.0014285714285714286
1496,0.02142857142857143
1497,0.007142857142857143
1498,0.0014285714285714286
1499,0.004285714285714286
1500,0.05142857142857143
1501,0.002857142857142857
1502,0.0
1503,0.0
1504,0.018571428571428572
1505,0.005714285714285714
1506,0.01
1507,0.002857142857142857
1508,0.03142857142857143
1509,0.0014285714285714286
1510,0.01
1511,0.022857142857142857
1512,0.002857142857142857
1513,0.012857142857142857
1514,0.005714285714285714
1515,0.017142857142857144
1516,0.008571428571428572
1517,0.0014285714285714286
1518,0.007142857142857143
1519,0.0
1520,0.024285714285714285
1521,0.008571428571428572
1522,0.03
1523,0.22142857142857142
1524,0.0014285714285714286
1525,0.08285714285714285
1526,0.002857142857142857
1527,0.008571428571428572
1528,0.0014285714285714286
1529,0.03142857142857143
1530,0.014285714285714285
1531,0.2885714285714286
1532,0.0
1533,0.0
1534,0.0
1535,0.0014285714285714286
1536,0.0
1537,0.0014285714285714286
1538,0.011428571428571429
1539,0.06428571428571428
1540,0.0014285714285714286
1541,0.15857142857142856
1542,0.05714285714285714
1543,0.004285714285714286
1544,0.05714285714285714
1545,0.002857142857142857
1546,0.0014285714285714286
1547,0.14714285714285713
1548,0.0
1549,0.011428571428571429
1550,0.027142857142857142
1551,0.10857142857142857
1552,0.002857142857142857
1553,0.002857142857142857
1554,0.0
1555,0.015714285714285715
1556,0.03571428571428571
1557,0.0014285714285714286
1558,0.12857142857142856
1559,0.0014285714285714286
1560,0.0
1561,0.0
1562,0.01
1563,0.005714285714285714
1564,0.12285714285714286
1565,0.01
1566,0.0014285714285714286
1567,0.0
1568,0.007142857142857143
1569,0.15571428571428572
1570,0.0
1571,0.01
1572,0.06
1573,0.0014285714285714286
1574,0.027142857142857142
1575,0.004285714285714286
1576,0.03571428571428571
1577,0.0014285714285714286
1578,0.015714285714285715
1579,0.004285714285714286
1580,0.14
1581,0.011428571428571429
1582,0.002857142857142857
1583,0.008571428571428572
1584,0.0
1585,0.25142857142857145
1586,0.0
1587,0.018571428571428572
1588,0.015714285714285715
1589,0.0014285714285714286
1590,0.005714285714285714
1591,0.0
1592,0.022857142857142857
1593,0.015714285714285715
1594,0.0
1595,0.027142857142857142
1596,0.004285714285714286
1597,0.0
1598,0.0
1599,0.015714285714285715
1600,0.024285714285714285
1601,0.024285714285714285
1602,0.03428571428571429
1603,0.0014285714285714286
1604,0.008571428571428572
1605,0.08428571428571428
1606,0.0014285714285714286
1607,0.03
1608,0.01
1609,0.032857142857142856
1610,0.004285714285714286
1611,0.0
1612,0.0
1613,0.004285714285714286
1614,0.02
1615,0.007142857142857143
1616,0.008571428571428572
1617,0.04
1618,0.004285714285714286
1619,0.04428571428571428
1620,0.1
1621,0.06428571428571428
1622,0.08285714285714285
1623,0.03428571428571429
1624,0.01
1625,0.002857142857142857
1626,0.007142857142857143
1627,0.0
1628,0.017142857142857144
1629,0.005714285714285714
1630,0.0014285714285714286
1631,0.017142857142857144
1632,0.002857142857142857
1633,0.0014285714285714286
1634,0.03857142857142857
1635,0.01
1636,0.0014285714285714286
1637,0.0014285714285714286
1638,0.015714285714285715
1639,0.04
1640,0.09571428571428571
1641,0.06714285714285714
1642,0.017142857142857144
1643,0.0
1644,0.018571428571428572
1645,0.004285714285714286
1646,0.05857142857142857
1647,0.1457142857142857
1648,0.21571428571428572
1649,0.0014285714285714286
1650,0.005714285714285714
1651,0.03428571428571429
1652,0.018571428571428572
1653,0.0014285714285714286
1654,0.02
1655,0.01
1656,0.015714285714285715
1657,0.004285714285714286
1658,0.02857142857142857
1659,0.004285714285714286
1660,0.0014285714285714286
1661,0.011428571428571429
1662,0.004285714285714286
1663,0.03428571428571429
1664,0.015714285714285715
1665,0.0
1666,0.07857142857142857
1667,0.0
1668,0.6714285714285714
1669,0.0
1670,0.007142857142857143
1671,0.03428571428571429
1672,0.002857142857142857
1673,0.0014285714285714286
1674,0.0014285714285714286
1675,0.02857142857142857
1676,0.002857142857142857
1677,0.02
1678,0.0
1679,0.05714285714285714
1680,0.015714285714285715
1681,0.0
1682,0.0014285714285714286
1683,0.014285714285714285
1684,0.03142857142857143
1685,0.06714285714285714
1686,0.022857142857142857
1687,0.09428571428571429
1688,0.0
1689,0.11142857142857143
1690,0.014285714285714285
1691,0.005714285714285714
1692,0.0
1693,0.19428571428571428
1694,0.07
1695,0.024285714285714285
1696,0.05
1697,0.02
1698,0.06285714285714286
1699,0.0
1700,0.007142857142857143
1701,0.06142857142857143
1702,0.045714285714285714
1703,0.002857142857142857
1704,0.005714285714285714
1705,0.0014285714285714286
1706,0.07428571428571429
1707,0.007142857142857143
1708,0.03571428571428571
1709,0.0
1710,0.0
1711,0.005714285714285714
1712,0.02
1713,0.027142857142857142
1714,0.04428571428571428
1715,0.0
1716,0.008571428571428572
1717,0.06
1718,0.0
1719,0.0
1720,0.0014285714285714286
1721,0.07142857142857142
1722,0.01
1723,0.018571428571428572
1724,0.02857142857142857
1725,0.03
1726,0.0014285714285714286
1727,0.047142857142857146
1728,0.11571428571428571
1729,0.011428571428571429
1730,0.05857142857142857
1731,0.02142857142857143
1732,0.12857142857142856
1733,0.025714285714285714
1734,0.0014285714285714286
1735,0.022857142857142857
1736,0.007142857142857143
1737,0.15
1738,0.03571428571428571
1739,0.008571428571428572
1740,0.0014285714285714286
1741,0.017142857142857144
1742,0.02857142857142857
1743,0.007142857142857143
1744,0.01
1745,0.008571428571428572
1746,0.0
1747,0.0014285714285714286
1748,0.0
1749,0.08428571428571428
1750,0.004285714285714286
1751,0.027142857142857142
1752,0.008571428571428572
1753,0.004285714285714286
1754,0.015714285714285715
1755,0.0014285714285714286
1756,0.04285714285714286
1757,0.002857142857142857
1758,0.011428571428571429
1759,0.014285714285714285
1760,0.0
1761,0.0
1762,0.015714285714285715
1763,0.004285714285714286
1764,0.01
1765,0.04
1766,0.027142857142857142
1767,0.04
1768,0.01
1769,0.002857142857142857
1770,0.004285714285714286
1771,0.02
1772,0.09714285714285714
1773,0.0
1774,0.15
1775,0.008571428571428572
1776,0.03142857142857143
1777,0.03857142857142857
1778,0.011428571428571429
1779,0.002857142857142857
1780,0.0014285714285714286
1781,0.011428571428571429
1782,0.13428571428571429
1783,0.008571428571428572
1784,0.0014285714285714286
1785,0.0
1786,0.0
1787,0.037142857142857144
1788,0.0014285714285714286
1789,0.07
1790,0.017142857142857144
1791,0.011428571428571429
1792,0.002857142857142857
1793,0.0
1794,0.008571428571428572
1795,0.0
1796,0.004285714285714286
1797,0.01
1798,0.0
1799,0.005714285714285714
1800,0.33714285714285713
1801,0.0
1802,0.011428571428571429
1803,0.05142857142857143
1804,0.004285714285714286
1805,0.041428571428571426
1806,0.037142857142857144
1807,0.05142857142857143
1808,0.05857142857142857
1809,0.007142857142857143
1810,0.012857142857142857
1811,0.007142857142857143
1812,0.014285714285714285
1813,0.012857142857142857
1814,0.0
1815,0.022857142857142857
1816,0.0
1817,0.0
1818,0.008571428571428572
1819,0.015714285714285715
1820,0.004285714285714286
1821,0.06428571428571428
1822,0.014285714285714285
1823,0.0
1824,0.03
1825,0.0
1826,0.02
1827,0.01
1828,0.014285714285714285
1829,0.08428571428571428
1830,0.0
1831,0.007142857142857143
1832,0.30142857142857143
1833,0.002857142857142857
1834,0.0
1835,0.012857142857142857
1836,0.0
1837,0.03142857142857143
1838,0.005714285714285714
1839,0.002857142857142857
1840,0.02142857142857143
1841,0.005714285714285714
1842,0.02
1843,0.04428571428571428
1844,0.0
1845,0.041428571428571426
1846,0.07571428571428572
1847,0.004285714285714286
1848,0.0014285714285714286
1849,0.05714285714285714
1850,0.06285714285714286
1851,0.03
1852,0.008571428571428572
1853,0.0
1854,0.0014285714285714286
1855,0.002857142857142857
1856,0.008571428571428572
1857,0.002857142857142857
1858,0.005714285714285714
1859,0.015714285714285715
1860,0.0014285714285714286
1861,0.0
1862,0.0
1863,0.0014285714285714286
1864,0.0014285714285714286
1865,0.06142857142857143
1866,0.004285714285714286
1867,0.024285714285714285
1868,0.0
1869,0.024285714285714285
1870,0.0
1871,0.011428571428571429
1872,0.0
1873,0.0
1874,0.0014285714285714286
1875,0.03571428571428571
1876,0.05285714285714286
1877,0.004285714285714286
1878,0.004285714285714286
1879,0.02
1880,0.014285714285714285
1881,0.0014285714285714286
1882,0.08857142857142856
1883,0.002857142857142857
1884,0.007142857142857143
1885,0.0014285714285714286
1886,0.0
1887,0.03142857142857143
1888,0.02142857142857143
1889,0.0
1890,0.004285714285714286
1891,0.004285714285714286
1892,0.037142857142857144
1893,0.005714285714285714
1894,0.002857142857142857
1895,0.02857142857142857
1896,0.018571428571428572
1897,0.004285714285714286
1898,0.10571428571428572
1899,0.002857142857142857
1900,0.0014285714285714286
1901,0.004285714285714286
1902,0.0014285714285714286
1903,0.037142857142857144
1904,0.002857142857142857
1905,0.0014285714285714286
1906,0.02142857142857143
1907,0.011428571428571429
1908,0.0
1909,0.0014285714285714286
1910,0.004285714285714286
1911,0.06
1912,0.008571428571428572
1913,0.0
1914,0.014285714285714285
1915,0.032857142857142856
1916,0.09142857142857143
1917,0.0014285714285714286
1918,0.0
1919,0.002857142857142857
1920,0.04428571428571428
1921,0.14857142857142858
1922,0.0014285714285714286
1923,0.4157142857142857
1924,0.008571428571428572
1925,0.0014285714285714286
1926,0.0
1927,0.0
1928,0.012857142857142857
1929,0.008571428571428572
1930,0.0014285714285714286
1931,0.0
1932,0.10571428571428572
1933,0.18571428571428572
1934,0.0
1935,0.008571428571428572
1936,0.09428571428571429
1937,0.0
1938,0.0014285714285714286
1939,0.02142857142857143
1940,0.002857142857142857
1941,0.007142857142857143
1942,0.005714285714285714
1943,0.12142857142857143
1944,0.07857142857142857
1945,0.0
1946,0.08
1947,0.015714285714285715
1948,0.0
1949,0.008571428571428572
1950,0.008571428571428572
1951,0.0
1952,0.10428571428571429
1953,0.05
1954,0.04
1955,0.0
1956,0.02
1957,0.014285714285714285
1958,0.11285714285714285
1959,0.0
1960,0.0
1961,0.20285714285714285
1962,0.0
1963,0.08142857142857143
1964,0.0014285714285714286
1965,0.0
1966,0.07857142857142857
1967,0.0
1968,0.018571428571428572
1969,0.0
1970,0.0014285714285714286
1971,0.014285714285714285
1972,0.0014285714285714286
1973,0.0
1974,0.0
1975,0.18571428571428572
1976,0.005714285714285714
1977,0.004285714285714286
1978,0.0
1979,0.0
1980,0.15571428571428572
1981,0.0
1982,0.01
1983,0.22142857142857142
1984,0.005714285714285714
1985,0.01
1986,0.03571428571428571
1987,0.12571428571428572
1988,0.012857142857142857
1989,0.004285714285714286
1990,0.12428571428571429
1991,0.018571428571428572
1992,0.0
1993,0.03142857142857143
1994,0.002857142857142857
1995,0.008571428571428572
1996,0.0
1997,0.0014285714285714286
1998,0.06
1999,0.0
2000,0.0
2001,0.06571428571428571
2002,0.008571428571428572
2003,0.0014285714285714286
2004,0.011428571428571429
2005,0.0
2006,0.24285714285714285
2007,0.041428571428571426
2008,0.0
2009,0.0014285714285714286
2010,0.4085714285714286
2011,0.17714285714285713
2012,0.014285714285714285
2013,0.015714285714285715
2014,0.03571428571428571
2015,0.03571428571428571
2016,0.1
2017,0.0
2018,0.06571428571428571
2019,0.012857142857142857
2020,0.0
2021,0.004285714285714286
2022,0.0014285714285714286
2023,0.0
2024,0.002857142857142857
2025,0.0
2026,0.0
2027,0.0014285714285714286
2028,0.002857142857142857
2029,0.01
2030,0.002857142857142857
2031,0.0
2032,0.0014285714285714286
2033,0.0
2034,0.04
2035,0.04428571428571428
2036,0.0
2037,0.0
2038,0.017142857142857144
2039,0.03857142857142857
2040,0.008571428571428572
2041,0.0
2042,0.0
2043,0.004285714285714286
2044,0.037142857142857144
2045,0.005714285714285714
2046,0.008571428571428572
2047,0.0
2048,0.018571428571428572
2049,0.007142857142857143
2050,0.004285714285714286
2051,0.12285714285714286
2052,0.0
2053,0.03428571428571429
2054,0.03571428571428571
2055,0.017142857142857144
2056,0.005714285714285714
2057,0.0014285714285714286
2058,0.02142857142857143
2059,0.014285714285714285
2060,0.0
2061,0.024285714285714285
2062,0.0014285714285714286
2063,0.015714285714285715
2064,0.002857142857142857
2065,0.0014285714285714286
2066,0.008571428571428572
2067,0.024285714285714285
2068,0.007142857142857143
2069,0.015714285714285715
2070,0.1457142857142857
2071,0.0
2072,0.005714285714285714
2073,0.0
2074,0.03142857142857143
2075,0.0014285714285714286
2076,0.0014285714285714286
2077,0.0
2078,0.007142857142857143
2079,0.01
2080,0.012857142857142857
2081,0.06428571428571428
2082,0.03571428571428571
2083,0.0
2084,0.055714285714285716
2085,0.0014285714285714286
2086,0.0
2087,0.03142857142857143
2088,0.05857142857142857
2089,0.0014285714285714286
2090,0.005714285714285714
2091,0.027142857142857142
2092,0.0014285714285714286
2093,0.014285714285714285
2094,0.015714285714285715
2095,0.01
2096,0.0014285714285714286
2097,0.005714285714285714
2098,0.0
2099,0.06714285714285714
2100,0.0
2101,0.0
2102,0.0
2103,0.0014285714285714286
2104,0.0014285714285714286
2105,0.0014285714285714286
2106,0.0
2107,0.0
2108,0.0
2109,0.037142857142857144
2110,0.004285714285714286
2111,0.2785714285714286
2112,0.002857142857142857
2113,0.0
2114,0.0014285714285714286
2115,0.054285714285714284
2116,0.06714285714285714
2117,0.008571428571428572
2118,0.02857142857142857
2119,0.0014285714285714286
2120,0.027142857142857142
2121,0.004285714285714286
2122,0.17
2123,0.002857142857142857
2124,0.007142857142857143
2125,0.08
2126,0.0014285714285714286
2127,0.011428571428571429
2128,0.005714285714285714
2129,0.004285714285714286
2130,0.0
2131,0.07857142857142857
2132,0.005714285714285714
2133,0.0014285714285714286
2134,0.002857142857142857
2135,0.005714285714285714
2136,0.0
2137,0.0014285714285714286
2138,0.04857142857142857
2139,0.005714285714285714
2140,0.06142857142857143
2141,0.022857142857142857
2142,0.011428571428571429
2143,0.02
2144,0.014285714285714285
2145,0.0
2146,0.0
2147,0.012857142857142857
2148,0.014285714285714285
2149,0.0
2150,0.0
2151,0.0014285714285714286
2152,0.0
2153,0.0
2154,0.008571428571428572
2155,0.10714285714285714
2156,0.0
2157,0.002857142857142857
2158,0.012857142857142857
2159,0.13714285714285715
2160,0.03
2161,0.025714285714285714
2162,0.09428571428571429
2163,0.004285714285714286
2164,0.0014285714285714286
2165,0.03571428571428571
2166,0.0
2167,0.01
2168,0.0014285714285714286
2169,0.0
2170,0.0
2171,0.0
2172,0.004285714285714286
2173,0.007142857142857143
2174,0.004285714285714286
2175,0.0
2176,0.004285714285714286
2177,0.01
2178,0.002857142857142857
2179,0.22714285714285715
2180,0.037142857142857144
2181,0.01
2182,0.0
2183,0.025714285714285714
2184,0.0014285714285714286
2185,0.0
2186,0.04
2187,0.07428571428571429
2188,0.03571428571428571
2189,0.0014285714285714286
2190,0.002857142857142857
2191,0.0
2192,0.011428571428571429
2193,0.002857142857142857
2194,0.002857142857142857
2195,0.0
2196,0.0014285714285714286
2197,0.005714285714285714
2198,0.0014285714285714286
2199,0.002857142857142857
2200,0.03
2201,0.16142857142857142
2202,0.08857142857142856
2203,0.04857142857142857
2204,0.0014285714285714286
2205,0.007142857142857143
2206,0.09428571428571429
2207,0.0014285714285714286
2208,0.14714285714285713
2209,0.004285714285714286
2210,0.032857142857142856
2211,0.0014285714285714286
2212,0.014285714285714285
2213,0.011428571428571429
2214,0.008571428571428572
2215,0.15428571428571428
2216,0.23857142857142857
2217,0.002857142857142857
2218,0.0
2219,0.09714285714285714
2220,0.0014285714285714286
2221,0.0
2222,0.02
2223,0.0
2224,0.004285714285714286
2225,0.03571428571428571
2226,0.0
2227,0.0014285714285714286
2228,0.0014285714285714286
2229,0.017142857142857144
2230,0.054285714285714284
2231,0.011428571428571429
2232,0.004285714285714286
2233,0.0
2234,0.0014285714285714286
2235,0.0
2236,0.07428571428571429
2237,0.002857142857142857
2238,0.0014285714285714286
2239,0.005714285714285714
2240,0.004285714285714286
2241,0.04428571428571428
2242,0.0014285714285714286
2243,0.002857142857142857
2244,0.015714285714285715
2245,0.004285714285714286
2246,0.0
2247,0.007142857142857143
2248,0.0014285714285714286
2249,0.015714285714285715
2250,0.0
2251,0.04
2252,0.0
2253,0.008571428571428572
2254,0.10285714285714286
2255,0.08714285714285715
2256,0.015714285714285715
2257,0.0
2258,0.0
2259,0.011428571428571429
2260,0.01
2261,0.007142857142857143
2262,0.017142857142857144
2263,0.002857142857142857
2264,0.02
2265,0.012857142857142857
2266,0.011428571428571429
2267,0.004285714285714286
2268,0.0
2269,0.05714285714285714
2270,0.07428571428571429
2271,0.002857142857142857
2272,0.004285714285714286
2273,0.02857142857142857
2274,0.0
2275,0.11857142857142858
2276,0.012857142857142857
2277,0.0014285714285714286
2278,0.0
2279,0.004285714285714286
2280,0.004285714285714286
2281,0.0014285714285714286
2282,0.01
2283,0.014285714285714285
2284,0.0014285714285714286
2285,0.17
2286,0.008571428571428572
2287,0.004285714285714286
2288,0.011428571428571429
2289,0.011428571428571429
2290,0.004285714285714286
2291,0.005714285714285714
2292,0.09285714285714286
2293,0.045714285714285714
2294,0.09285714285714286
2295,0.16
2296,0.041428571428571426
2297,0.027142857142857142
2298,0.11857142857142858
2299,0.03142857142857143
2300,0.0
2301,0.002857142857142857
2302,0.13
2303,0.004285714285714286
2304,0.11
2305,0.0014285714285714286
2306,0.0
2307,0.0014285714285714286
2308,0.037142857142857144
2309,0.0
2310,0.0
2311,0.0
2312,0.007142857142857143
2313,0.022857142857142857
2314,0.002857142857142857
2315,0.008571428571428572
2316,0.05142857142857143
2317,0.027142857142857142
2318,0.06285714285714286
2319,0.011428571428571429
2320,0.2885714285714286
2321,0.0014285714285714286
2322,0.002857142857142857
2323,0.0
2324,0.0
2325,0.037142857142857144
2326,0.01
2327,0.02142857142857143
2328,0.0
2329,0.0
2330,0.002857142857142857
2331,0.004285714285714286
2332,0.03571428571428571
2333,0.002857142857142857
2334,0.0
2335,0.004285714285714286
2336,0.06
2337,0.005714285714285714
2338,0.03142857142857143
2339,0.06571428571428571
2340,0.18
2341,0.0
2342,0.005714285714285714
2343,0.05142857142857143
2344,0.008571428571428572
2345,0.015714285714285715
2346,0.0
2347,0.002857142857142857
2348,0.004285714285714286
2349,0.0014285714285714286
2350,0.008571428571428572
2351,0.0014285714285714286
2352,0.007142857142857143
2353,0.11428571428571428
2354,0.011428571428571429
2355,0.011428571428571429
2356,0.0
2357,0.002857142857142857
2358,0.002857142857142857
2359,0.027142857142857142
2360,0.0014285714285714286
2361,0.05
2362,0.0
2363,0.011428571428571429
2364,0.0
2365,0.02142857142857143
2366,0.0014285714285714286
2367,0.42714285714285716
2368,0.025714285714285714
2369,0.012857142857142857
2370,0.03571428571428571
2371,0.007142857142857143
2372,0.005714285714285714
2373,0.03
2374,0.024285714285714285
2375,0.008571428571428572
2376,0.008571428571428572
2377,0.0
2378,0.0
2379,0.007142857142857143
2380,0.002857142857142857
2381,0.0
2382,0.0014285714285714286
2383,0.02857142857142857
2384,0.03142857142857143
2385,0.002857142857142857
2386,0.015714285714285715
2387,0.007142857142857143
2388,0.02
2389,0.07142857142857142
2390,0.01
2391,0.0
2392,0.004285714285714286
2393,0.0014285714285714286
2394,0.0
2395,0.02857142857142857
2396,0.015714285714285715
2397,0.027142857142857142
2398,0.012857142857142857
2399,0.0014285714285714286
2400,0.13
2401,0.13857142857142857
2402,0.005714285714285714
2403,0.0
2404,0.011428571428571429
2405,0.0014285714285714286
2406,0.0014285714285714286
2407,0.07285714285714286
2408,0.0
2409,0.014285714285714285
2410,0.08
2411,0.004285714285714286
2412,0.01
2413,0.007142857142857143
2414,0.002857142857142857
2415,0.005714285714285714
2416,0.0014285714285714286
2417,0.0014285714285714286
2418,0.002857142857142857
2419,0.002857142857142857
2420,0.022857142857142857
2421,0.0
2422,0.0
2423,0.0014285714285714286
2424,0.0
2425,0.0
2426,0.1
2427,0.24
2428,0.0
2429,0.022857142857142857
2430,0.022857142857142857
2431,0.007142857142857143
2432,0.0014285714285714286
2433,0.002857142857142857
2434,0.018571428571428572
2435,0.002857142857142857
2436,0.0014285714285714286
2437,0.0014285714285714286
2438,0.03857142857142857
2439,0.008571428571428572
2440,0.10142857142857142
2441,0.005714285714285714
2442,0.008571428571428572
2443,0.005714285714285714
2444,0.0
2445,0.0014285714285714286
2446,0.0014285714285714286
2447,0.0
2448,0.0014285714285714286
2449,0.018571428571428572
2450,0.07
2451,0.0014285714285714286
2452,0.014285714285714285
2453,0.0
2454,0.007142857142857143
2455,0.0014285714285714286
2456,0.19857142857142857
2457,0.0
2458,0.004285714285714286
2459,0.002857142857142857
2460,0.007142857142857143
2461,0.06285714285714286
2462,0.0
2463,0.005714285714285714
2464,0.002857142857142857
2465,0.01
2466,0.037142857142857144
2467,0.012857142857142857
2468,0.007142857142857143
2469,0.002857142857142857
2470,0.0014285714285714286
2471,0.0
2472,0.0
2473,0.012857142857142857
2474,0.0
2475,0.004285714285714286
2476,0.008571428571428572
2477,0.008571428571428572
2478,0.0
2479,0.0
2480,0.16142857142857142
2481,0.022857142857142857
2482,0.0
2483,0.002857142857142857
2484,0.06
2485,0.002857142857142857
2486,0.008571428571428572
2487,0.06857142857142857
2488,0.0
2489,0.05857142857142857
2490,0.005714285714285714
2491,0.008571428571428572
2492,0.022857142857142857
2493,0.03
2494,0.007142857142857143
2495,0.0
2496,0.0
2497,0.017142857142857144
2498,0.0
2499,0.005714285714285714
2500,0.0014285714285714286
2501,0.01
2502,0.012857142857142857
2503,0.004285714285714286
2504,0.011428571428571429
2505,0.005714285714285714
2506,0.002857142857142857
2507,0.014285714285714285
2508,0.0014285714285714286
2509,0.002857142857142857
2510,0.022857142857142857
2511,0.045714285714285714
2512,0.041428571428571426
2513,0.0
2514,0.15285714285714286
2515,0.008571428571428572
2516,0.0
2517,0.0014285714285714286
2518,0.055714285714285716
2519,0.0014285714285714286
2520,0.015714285714285715
2521,0.007142857142857143
2522,0.03142857142857143
2523,0.004285714285714286
2524,0.07571428571428572
2525,0.004285714285714286
2526,0.002857142857142857
2527,0.0
2528,0.008571428571428572
2529,0.0
2530,0.06714285714285714
2531,0.03571428571428571
2532,0.3485714285714286
2533,0.12571428571428572
2534,0.012857142857142857
2535,0.002857142857142857
2536,0.0014285714285714286
2537,0.004285714285714286
2538,0.02142857142857143
2539,0.024285714285714285
2540,0.004285714285714286
2541,0.0
2542,0.017142857142857144
2543,0.004285714285714286
2544,0.0
2545,0.0
2546,0.0
2547,0.04285714285714286
2548,0.0
2549,0.0
2550,0.002857142857142857
2551,0.007142857142857143
2552,0.007142857142857143
2553,0.11857142857142858
2554,0.012857142857142857
2555,0.014285714285714285
2556,0.0
2557,0.0
2558,0.0
2559,0.002857142857142857
2560,0.09142857142857143
2561,0.0
2562,0.008571428571428572
2563,0.007142857142857143
2564,0.0
2565,0.08571428571428572
2566,0.004285714285714286
2567,0.11428571428571428
2568,0.19285714285714287
2569,0.17
2570,0.05857142857142857
2571,0.004285714285714286
2572,0.014285714285714285
2573,0.0
2574,0.005714285714285714
2575,0.01
2576,0.025714285714285714
2577,0.0
2578,0.0
2579,0.014285714285714285
2580,0.0
2581,0.23714285714285716
2582,0.07714285714285714
2583,0.0
2584,0.10285714285714286
2585,0.03
2586,0.007142857142857143
2587,0.0
2588,0.008571428571428572
2589,0.0
2590,0.0014285714285714286
2591,0.007142857142857143
2592,0.017142857142857144
2593,0.005714285714285714
2594,0.007142857142857143
2595,0.005714285714285714
2596,0.017142857142857144
2597,0.10571428571428572
2598,0.004285714285714286
2599,0.0
2600,0.007142857142857143
2601,0.002857142857142857
2602,0.0
2603,0.0
2604,0.012857142857142857
2605,0.0
2606,0.0
2607,0.004285714285714286
2608,0.09428571428571429
2609,0.012857142857142857
2610,0.0014285714285714286
2611,0.12428571428571429
2612,0.0014285714285714286
2613,0.008571428571428572
2614,0.037142857142857144
2615,0.004285714285714286
2616,0.0
2617,0.11857142857142858
2618,0.0014285714285714286
2619,0.002857142857142857
2620,0.01
2621,0.0
2622,0.012857142857142857
2623,0.0014285714285714286
2624,0.22
2625,0.0
2626,0.0014285714285714286
2627,0.027142857142857142
2628,0.005714285714285714
2629,0.06285714285714286
2630,0.26285714285714284
2631,0.01
2632,0.008571428571428572
2633,0.07714285714285714
2634,0.0014285714285714286
2635,0.09
2636,0.005714285714285714
2637,0.032857142857142856
2638,0.07
2639,0.007142857142857143
2640,0.0
2641,0.0
2642,0.0014285714285714286
2643,0.0
2644,0.0
2645,0.0
2646,0.002857142857142857
2647,0.0
2648,0.025714285714285714
2649,0.002857142857142857
2650,0.002857142857142857
2651,0.0014285714285714286
2652,0.11
2653,0.002857142857142857
2654,0.0014285714285714286
2655,0.10571428571428572
2656,0.0
2657,0.012857142857142857
2658,0.0
2659,0.03571428571428571
2660,0.08857142857142856
2661,0.02
2662,0.21428571428571427
2663,0.005714285714285714
2664,0.0
2665,0.06285714285714286
2666,0.027142857142857142
2667,0.005714285714285714
2668,0.0014285714285714286
2669,0.0
2670,0.002857142857142857
2671,0.004285714285714286
2672,0.004285714285714286
2673,0.0014285714285714286
2674,0.0014285714285714286
2675,0.007142857142857143
2676,0.16714285714285715
2677,0.015714285714285715
2678,0.005714285714285714
2679,0.02142857142857143
2680,0.0
2681,0.0
2682,0.03
2683,0.0
2684,0.0
2685,0.015714285714285715
2686,0.002857142857142857
2687,0.06714285714285714
2688,0.0
2689,0.04285714285714286
2690,0.0
2691,0.002857142857142857
2692,0.0
2693,0.08571428571428572
2694,0.022857142857142857
2695,0.10142857142857142
2696,0.011428571428571429
2697,0.0
2698,0.004285714285714286
2699,0.0
2700,0.01
2701,0.05285714285714286
2702,0.014285714285714285
2703,0.024285714285714285
2704,0.06714285714285714
2705,0.0
2706,0.06571428571428571
2707,0.055714285714285716
2708,0.16142857142857142
2709,0.08285714285714285
2710,0.0
2711,0.06142857142857143
2712,0.008571428571428572
2713,0.31285714285714283
2714,0.0
2715,0.0014285714285714286
2716,0.047142857142857146
2717,0.04428571428571428
2718,0.004285714285714286
2719,0.0014285714285714286
2720,0.0
2721,0.0014285714285714286
2722,0.01
2723,0.004285714285714286
2724,0.008571428571428572
2725,0.0
2726,0.011428571428571429
2727,0.011428571428571429
2728,0.002857142857142857
2729,0.0014285714285714286
2730,0.0014285714285714286
2731,0.008571428571428572
2732,0.04428571428571428
2733,0.005714285714285714
2734,0.10428571428571429
2735,0.008571428571428572
2736,0.05142857142857143
2737,0.004285714285714286
2738,0.017142857142857144
2739,0.0014285714285714286
2740,0.005714285714285714
2741,0.01
2742,0.0014285714285714286
2743,0.005714285714285714
2744,0.015714285714285715
2745,0.011428571428571429
2746,0.002857142857142857
2747,0.0
2748,0.032857142857142856
2749,0.0
2750,0.0014285714285714286
2751,0.0014285714285714286
2752,0.0014285714285714286
2753,0.0014285714285714286
2754,0.004285714285714286
2755,0.0
2756,0.06571428571428571
2757,0.03
2758,0.0014285714285714286
2759,0.0014285714285714286
2760,0.007142857142857143
2761,0.004285714285714286
2762,0.024285714285714285
2763,0.0
2764,0.0
2765,0.005714285714285714
2766,0.004285714285714286
2767,0.037142857142857144
2768,0.02142857142857143
2769,0.015714285714285715
2770,0.004285714285714286
2771,0.015714285714285715
2772,0.04
2773,0.0014285714285714286
2774,0.0
2775,0.01
2776,0.0
2777,0.018571428571428572
2778,0.047142857142857146
2779,0.002857142857142857
2780,0.025714285714285714
2781,0.002857142857142857
2782,0.045714285714285714
2783,0.0
2784,0.014285714285714285
2785,0.0
2786,0.015714285714285715
2787,0.002857142857142857
2788,0.008571428571428572
2789,0.018571428571428572
2790,0.1457142857142857
2791,0.05857142857142857
2792,0.02
2793,0.002857142857142857
2794,0.0
2795,0.015714285714285715
2796,0.02142857142857143
2797,0.03142857142857143
2798,0.004285714285714286
2799,0.0014285714285714286
2800,0.004285714285714286
2801,0.0014285714285714286
2802,0.045714285714285714
2803,0.0
2804,0.0014285714285714286
2805,0.0
2806,0.018571428571428572
2807,0.12
2808,0.005714285714285714
2809,0.01
2810,0.022857142857142857
2811,0.15
2812,0.0014285714285714286
2813,0.05285714285714286
2814,0.018571428571428572
2815,0.014285714285714285
2816,0.09857142857142857
2817,0.0
2818,0.004285714285714286
2819,0.06
2820,0.0014285714285714286
2821,0.0014285714285714286
2822,0.014285714285714285
2823,0.008571428571428572
2824,0.12571428571428572
2825,0.04428571428571428
2826,0.022857142857142857
2827,0.007142857142857143
2828,0.21142857142857144
2829,0.0
2830,0.04857142857142857
2831,0.002857142857142857
2832,0.0014285714285714286
2833,0.02
2834,0.011428571428571429
2835,0.30142857142857143
2836,0.014285714285714285
2837,0.005714285714285714
2838,0.0014285714285714286
2839,0.005714285714285714
2840,0.0014285714285714286
2841,0.0
2842,0.014285714285714285
2843,0.0
2844,0.015714285714285715
2845,0.0014285714285714286
2846,0.005714285714285714
2847,0.004285714285714286
2848,0.005714285714285714
2849,0.004285714285714286
2850,0.02
2851,0.13285714285714287
2852,0.017142857142857144
2853,0.004285714285714286
2854,0.03428571428571429
2855,0.0014285714285714286
2856,0.054285714285714284
2857,0.04285714285714286
2858,0.014285714285714285
2859,0.03142857142857143
2860,0.018571428571428572
2861,0.014285714285714285
2862,0.0
2863,0.015714285714285715
2864,0.0
2865,0.005714285714285714
2866,0.03142857142857143
2867,0.005714285714285714
2868,0.0
2869,0.02142857142857143
2870,0.0014285714285714286
2871,0.032857142857142856
2872,0.0014285714285714286
2873,0.07142857142857142
2874,0.047142857142857146
2875,0.012857142857142857
2876,0.022857142857142857
2877,0.017142857142857144
2878,0.018571428571428572
2879,0.045714285714285714
2880,0.002857142857142857
2881,0.01
2882,0.0
2883,0.0
2884,0.0
2885,0.045714285714285714
2886,0.004285714285714286
2887,0.017142857142857144
2888,0.0014285714285714286
2889,0.045714285714285714
2890,0.0
2891,0.0014285714285714286
2892,0.0014285714285714286
2893,0.03571428571428571
2894,0.007142857142857143
2895,0.02
2896,0.1442857142857143
2897,0.0
2898,0.08571428571428572
2899,0.0
2900,0.012857142857142857
2901,0.03
2902,0.0014285714285714286
2903,0.002857142857142857
2904,0.0
2905,0.01
2906,0.018571428571428572
2907,0.03428571428571429
2908,0.07571428571428572
2909,0.09571428571428571
2910,0.0
2911,0.03571428571428571
2912,0.0014285714285714286
2913,0.0
2914,0.0014285714285714286
2915,0.037142857142857144
2916,0.015714285714285715
2917,0.0
2918,0.06
2919,0.08
2920,0.03142857142857143
2921,0.01
2922,0.0
2923,0.01
2924,0.0014285714285714286
2925,0.01
2926,0.0
2927,0.007142857142857143
2928,0.002857142857142857
2929,0.037142857142857144
2930,0.0
2931,0.0
2932,0.004285714285714286
2933,0.005714285714285714
2934,0.0
2935,0.0014285714285714286
2936,0.0
2937,0.05
2938,0.041428571428571426
2939,0.008571428571428572
2940,0.0
2941,0.0
2942,0.008571428571428572
2943,0.025714285714285714
2944,0.0014285714285714286
2945,0.02
2946,0.011428571428571429
2947,0.004285714285714286
2948,0.0014285714285714286
2949,0.0
2950,0.014285714285714285
2951,0.01
2952,0.03142857142857143
2953,0.0
2954,0.0014285714285714286
2955,0.004285714285714286
2956,0.08857142857142856
2957,0.0014285714285714286
2958,0.012857142857142857
2959,0.004285714285714286
2960,0.01
2961,0.05857142857142857
2962,0.005714285714285714
2963,0.002857142857142857
2964,0.012857142857142857
2965,0.022857142857142857
2966,0.26571428571428574
2967,0.01
2968,0.0
2969,0.0
2970,0.004285714285714286
2971,0.005714285714285714
2972,0.012857142857142857
2973,0.10428571428571429
2974,0.004285714285714286
2975,0.0
2976,0.045714285714285714
2977,0.0
2978,0.06
2979,0.004285714285714286
2980,0.0014285714285714286
2981,0.08142857142857143
2982,0.004285714285714286
2983,0.0014285714285714286
2984,0.032857142857142856
2985,0.018571428571428572
2986,0.0
2987,0.017142857142857144
2988,0.05714285714285714
2989,0.008571428571428572
2990,0.01
2991,0.01
2992,0.004285714285714286
2993,0.004285714285714286
2994,0.02
2995,0.002857142857142857
2996,0.07714285714285714
2997,0.22142857142857142
2998,0.008571428571428572
2999,0.002857142857142857
3000,0.0014285714285714286
3001,0.01
3002,0.004285714285714286
3003,0.007142857142857143
3004,0.037142857142857144
3005,0.002857142857142857
3006,0.0014285714285714286
3007,0.027142857142857142
3008,0.0
3009,0.03428571428571429
3010,0.004285714285714286
3011,0.005714285714285714
3012,0.025714285714285714
3013,0.0
3014,0.0014285714285714286
3015,0.0014285714285714286
3016,0.027142857142857142
3017,0.37
3018,0.0014285714285714286
3019,0.025714285714285714
3020,0.011428571428571429
3021,0.004285714285714286
3022,0.002857142857142857
3023,0.0
3024,0.0
3025,0.0
3026,0.01
3027,0.0
3028,0.3157142857142857
3029,0.03142857142857143
3030,0.0014285714285714286
3031,0.0
3032,0.0014285714285714286
3033,0.06285714285714286
3034,0.005714285714285714
3035,0.012857142857142857
3036,0.0
3037,0.0
3038,0.017142857142857144
3039,0.005714285714285714
3040,0.0
3041,0.027142857142857142
3042,0.0
3043,0.007142857142857143
3044,0.0
3045,0.055714285714285716
3046,0.011428571428571429
3047,0.011428571428571429
3048,0.007142857142857143
3049,0.014285714285714285
3050,0.008571428571428572
3051,0.018571428571428572
3052,0.014285714285714285
3053,0.0014285714285714286
3054,0.015714285714285715
3055,0.004285714285714286
3056,0.26857142857142857
3057,0.005714285714285714
3058,0.005714285714285714
3059,0.007142857142857143
3060,0.014285714285714285
3061,0.002857142857142857
3062,0.0014285714285714286
3063,0.04
3064,0.017142857142857144
3065,0.0
3066,0.004285714285714286
3067,0.0
3068,0.002857142857142857
3069,0.0
3070,0.004285714285714286
3071,0.0
3072,0.0
3073,0.008571428571428572
3074,0.08857142857142856
3075,0.002857142857142857
3076,0.08857142857142856
3077,0.005714285714285714
3078,0.015714285714285715
3079,0.1357142857142857
3080,0.04428571428571428
3081,0.05285714285714286
3082,0.02142857142857143
3083,0.06571428571428571
3084,0.04
3085,0.0
3086,0.09714285714285714
3087,0.0014285714285714286
3088,0.032857142857142856
3089,0.0
3090,0.03
3091,0.0
3092,0.01
3093,0.004285714285714286
3094,0.05142857142857143
3095,0.0
3096,0.0
3097,0.0
3098,0.007142857142857143
3099,0.02
3100,0.03142857142857143
3101,0.0014285714285714286
3102,0.007142857142857143
3103,0.07428571428571429
3104,0.002857142857142857
3105,0.005714285714285714
3106,0.0
3107,0.0
3108,0.027142857142857142
3109,0.0
3110,0.0
3111,0.06142857142857143
3112,0.011428571428571429
3113,0.012857142857142857
3114,0.02142857142857143
3115,0.054285714285714284
3116,0.0
3117,0.011428571428571429
3118,0.0
3119,0.0
3120,0.004285714285714286
3121,0.0
3122,0.20142857142857143
3123,0.018571428571428572
3124,0.05
3125,0.0014285714285714286
3126,0.002857142857142857
3127,0.58
3128,0.024285714285714285
3129,0.02
3130,0.0
3131,0.0
3132,0.0
3133,0.002857142857142857
3134,0.002857142857142857
3135,0.015714285714285715
3136,0.08428571428571428
3137,0.0
3138,0.045714285714285714
3139,0.007142857142857143
3140,0.005714285714285714
3141,0.015714285714285715
3142,0.008571428571428572
3143,0.0
3144,0.02
3145,0.02
3146,0.0
3147,0.007142857142857143
3148,0.11
3149,0.0
3150,0.002857142857142857
3151,0.002857142857142857
3152,0.03142857142857143
3153,0.0
3154,0.008571428571428572
3155,0.005714285714285714
3156,0.0
3157,0.0
3158,0.0
3159,0.0
3160,0.0
3161,0.0014285714285714286
3162,0.007142857142857143
3163,0.0
3164,0.005714285714285714
3165,0.0
3166,0.007142857142857143
3167,0.002857142857142857
3168,0.12142857142857143
3169,0.002857142857142857
3170,0.005714285714285714
3171,0.29
3172,0.018571428571428572
3173,0.0014285714285714286
3174,0.004285714285714286
3175,0.024285714285714285
3176,0.0
3177,0.004285714285714286
3178,0.012857142857142857
3179,0.005714285714285714
3180,0.0
3181,0.0
3182,0.0014285714285714286
3183,0.012857142857142857
3184,0.004285714285714286
3185,0.1657142857142857
3186,0.047142857142857146
3187,0.002857142857142857
3188,0.0014285714285714286
3189,0.004285714285714286
3190,0.002857142857142857
3191,0.0014285714285714286
3192,0.0014285714285714286
3193,0.012857142857142857
3194,0.21857142857142858
3195,0.04428571428571428
3196,0.0014285714285714286
3197,0.011428571428571429
3198,0.0
3199,0.0014285714285714286
3200,0.005714285714285714
3201,0.005714285714285714
3202,0.015714285714285715
3203,0.01
3204,0.002857142857142857
3205,0.0
3206,0.007142857142857143
3207,0.0014285714285714286
3208,0.012857142857142857
3209,0.0014285714285714286
3210,0.0
3211,0.0
3212,0.0
3213,0.0
3214,0.0014285714285714286
3215,0.0
3216,0.004285714285714286
3217,0.007142857142857143
3218,0.04
3219,0.02142857142857143
3220,0.002857142857142857
3221,0.0
3222,0.0
3223,0.0014285714285714286
3224,0.0
3225,0.012857142857142857
3226,0.02
3227,0.005714285714285714
3228,0.005714285714285714
3229,0.0
3230,0.022857142857142857
3231,0.0014285714285714286
3232,0.025714285714285714
3233,0.005714285714285714
3234,0.01
3235,0.0014285714285714286
3236,0.03
3237,0.0
3238,0.0
3239,0.004285714285714286
3240,0.002857142857142857
3241,0.0014285714285714286
3242,0.005714285714285714
3243,0.002857142857142857
3244,0.0
3245,0.004285714285714286
3246,0.002857142857142857
3247,0.0
3248,0.002857142857142857
3249,0.0
3250,0.02142857142857143
3251,0.0014285714285714286
3252,0.0
3253,0.0014285714285714286
3254,0.014285714285714285
3255,0.002857142857142857
3256,0.0014285714285714286
3257,0.037142857142857144
3258,0.014285714285714285
3259,0.06
3260,0.005714285714285714
3261,0.08571428571428572
3262,0.004285714285714286
3263,0.025714285714285714
3264,0.002857142857142857
3265,0.0014285714285714286
3266,0.0014285714285714286
3267,0.0
3268,0.03571428571428571
3269,0.08
3270,0.027142857142857142
3271,0.0014285714285714286
3272,0.0
3273,0.0
3274,0.0
3275,0.017142857142857144
3276,0.0014285714285714286
3277,0.011428571428571429
3278,0.005714285714285714
3279,0.0
3280,0.0
3281,0.015714285714285715
3282,0.0
3283,0.002857142857142857
3284,0.0
3285,0.36428571428571427
3286,0.047142857142857146
3287,0.015714285714285715
3288,0.0
3289,0.017142857142857144
3290,0.0014285714285714286
3291,0.004285714285714286
3292,0.0
3293,0.06714285714285714
3294,0.004285714285714286
3295,0.0
3296,0.0014285714285714286
3297,0.09714285714285714
3298,0.03
3299,0.02857142857142857
3300,0.01
3301,0.02857142857142857
3302,0.0014285714285714286
3303,0.07142857142857142
3304,0.017142857142857144
3305,0.007142857142857143
3306,0.004285714285714286
3307,0.017142857142857144
3308,0.0
3309,0.0
3310,0.0
3311,0.002857142857142857
3312,0.09428571428571429
3313,0.1
3314,0.017142857142857144
3315,0.025714285714285714
3316,0.02857142857142857
3317,0.14714285714285713
3318,0.0
3319,0.0
3320,0.0
3321,0.03428571428571429
3322,0.04285714285714286
3323,0.004285714285714286
3324,0.0
3325,0.002857142857142857
3326,0.018571428571428572
3327,0.01
3328,0.01
3329,0.004285714285714286
3330,0.005714285714285714
3331,0.027142857142857142
3332,0.0014285714285714286
3333,0.002857142857142857
3334,0.002857142857142857
3335,0.0
3336,0.0014285714285714286
3337,0.04428571428571428
3338,0.0014285714285714286
3339,0.004285714285714286
3340,0.0014285714285714286
3341,0.0
3342,0.0014285714285714286
3343,0.0014285714285714286
3344,0.041428571428571426
3345,0.0014285714285714286
3346,0.002857142857142857
3347,0.008571428571428572
3348,0.018571428571428572
3349,0.041428571428571426
3350,0.015714285714285715
3351,0.014285714285714285
3352,0.0014285714285714286
3353,0.004285714285714286
3354,0.004285714285714286
3355,0.04285714285714286
3356,0.0014285714285714286
3357,0.0014285714285714286
3358,0.0
3359,0.0
3360,0.018571428571428572
3361,0.002857142857142857
3362,0.014285714285714285
3363,0.022857142857142857
3364,0.002857142857142857
3365,0.025714285714285714
3366,0.012857142857142857
3367,0.002857142857142857
3368,0.0
3369,0.0
3370,0.047142857142857146
3371,0.008571428571428572
3372,0.025714285714285714
3373,0.06285714285714286
3374,0.018571428571428572
3375,0.02
3376,0.004285714285714286
3377,0.018571428571428572
3378,0.007142857142857143
3379,0.012857142857142857
3380,0.0
3381,0.008571428571428572
3382,0.0
3383,0.07571428571428572
3384,0.002857142857142857
3385,0.005714285714285714
3386,0.0
3387,0.0
3388,0.024285714285714285
3389,0.025714285714285714
3390,0.0
3391,0.0
3392,0.0
3393,0.047142857142857146
3394,0.0
3395,0.0014285714285714286
3396,0.004285714285714286
3397,0.10142857142857142
3398,0.0
3399,0.0014285714285714286
3400,0.024285714285714285
3401,0.0
3402,0.004285714285714286
3403,0.0
3404,0.0
3405,0.0
3406,0.024285714285714285
3407,0.012857142857142857
3408,0.007142857142857143
3409,0.0
3410,0.018571428571428572
3411,0.0
3412,0.002857142857142857
3413,0.004285714285714286
3414,0.0014285714285714286
3415,0.0
3416,0.01
3417,0.0
3418,0.007142857142857143
3419,0.0014285714285714286
3420,0.005714285714285714
3421,0.024285714285714285
3422,0.06714285714285714
3423,0.0
3424,0.06142857142857143
3425,0.004285714285714286
3426,0.0
3427,0.0
3428,0.022857142857142857
3429,0.02
3430,0.2814285714285714
3431,0.022857142857142857
3432,0.07285714285714286
3433,0.004285714285714286
3434,0.03428571428571429
3435,0.004285714285714286
3436,0.0014285714285714286
3437,0.005714285714285714
3438,0.0014285714285714286
3439,0.032857142857142856
3440,0.027142857142857142
3441,0.024285714285714285
3442,0.0
3443,0.0
3444,0.0014285714285714286
3445,0.0014285714285714286
3446,0.002857142857142857
3447,0.07571428571428572
3448,0.14857142857142858
3449,0.015714285714285715
3450,0.0014285714285714286
3451,0.008571428571428572
3452,0.01
3453,0.004285714285714286
3454,0.017142857142857144
3455,0.01
3456,0.015714285714285715
3457,0.0
3458,0.007142857142857143
3459,0.0
3460,0.007142857142857143
3461,0.0
3462,0.0
3463,0.004285714285714286
3464,0.008571428571428572
3465,0.027142857142857142
3466,0.002857142857142857
3467,0.11
3468,0.32857142857142857
3469,0.012857142857142857
3470,0.002857142857142857
3471,0.0014285714285714286
3472,0.017142857142857144
3473,0.06714285714285714
3474,0.0014285714285714286
3475,0.011428571428571429
3476,0.012857142857142857
3477,0.0014285714285714286
3478,0.0014285714285714286
3479,0.011428571428571429
3480,0.0014285714285714286
3481,0.0
3482,0.008571428571428572
3483,0.04
3484,0.037142857142857144
3485,0.002857142857142857
3486,0.011428571428571429
3487,0.04
3488,0.0014285714285714286
3489,0.015714285714285715
3490,0.018571428571428572
3491,0.011428571428571429
3492,0.0
3493,0.004285714285714286
3494,0.07142857142857142
3495,0.012857142857142857
3496,0.004285714285714286
3497,0.06428571428571428
3498,0.004285714285714286
3499,0.0
3500,0.0
3501,0.0
3502,0.012857142857142857
3503,0.0
3504,0.08285714285714285
3505,0.027142857142857142
3506,0.008571428571428572
3507,0.005714285714285714
3508,0.015714285714285715
3509,0.36857142857142855
3510,0.017142857142857144
3511,0.002857142857142857
3512,0.005714285714285714
3513,0.06428571428571428
3514,0.002857142857142857
3515,0.0014285714285714286
3516,0.0
3517,0.09142857142857143
3518,0.005714285714285714
3519,0.0
3520,0.004285714285714286
3521,0.007142857142857143
3522,0.002857142857142857
3523,0.0
3524,0.01
3525,0.0014285714285714286
3526,0.0
3527,0.014285714285714285
3528,0.005714285714285714
3529,0.0
3530,0.007142857142857143
3531,0.0014285714285714286
3532,0.022857142857142857
3533,0.01
3534,0.0
3535,0.0
3536,0.02142857142857143
3537,0.025714285714285714
3538,0.004285714285714286
3539,0.004285714285714286
3540,0.05142857142857143
3541,0.0014285714285714286
3542,0.0
3543,0.0
3544,0.01
3545,0.018571428571428572
3546,0.07142857142857142
3547,0.007142857142857143
3548,0.0014285714285714286
3549,0.004285714285714286
3550,0.007142857142857143
3551,0.005714285714285714
3552,0.0
3553,0.0
3554,0.007142857142857143
3555,0.004285714285714286
3556,0.017142857142857144
3557,0.0014285714285714286
3558,0.0
3559,0.004285714285714286
3560,0.0
3561,0.004285714285714286
3562,0.02
3563,0.04857142857142857
3564,0.008571428571428572
3565,0.0
3566,0.037142857142857144
3567,0.005714285714285714
3568,0.0
3569,0.0
3570,0.004285714285714286
3571,0.0014285714285714286
3572,0.0
3573,0.0014285714285714286
3574,0.017142857142857144
3575,0.0
3576,0.007142857142857143
3577,0.007142857142857143
3578,0.002857142857142857
3579,0.004285714285714286
3580,0.0
3581,0.0014285714285714286
3582,0.007142857142857143
3583,0.0014285714285714286
3584,0.011428571428571429
3585,0.0
3586,0.017142857142857144
3587,0.004285714285714286
3588,0.02
3589,1.0
3590,1.0
3591,0.8014285714285714
3592,1.0
3593,0.9871428571428571
3594,0.9914285714285714
3595,0.5957142857142858
3596,0.9985714285714286
3597,1.0
3598,0.9985714285714286
3599,1.0
3600,1.0
3601,0.9971428571428571
3602,0.9971428571428571
3603,0.9728571428571429
3604,1.0
3605,1.0
3606,1.0
3607,1.0
3608,0.7628571428571429
3609,1.0
3610,0.9985714285714286
3611,0.9385714285714286
3612,0.8914285714285715
3613,0.9728571428571429
3614,0.9957142857142857
3615,0.9971428571428571
3616,0.9985714285714286
3617,0.4942857142857143
3618,0.7914285714285715
3619,1.0
3620,0.9914285714285714
3621,1.0
3622,1.0
3623,0.9985714285714286
3624,0.9985714285714286
3625,1.0
3626,0.9885714285714285
3627,0.9914285714285714
3628,0.9971428571428571
3629,1.0
3630,0.4
3631,0.9985714285714286
3632,0.9728571428571429
3633,0.9985714285714286
3634,1.0
3635,0.9671428571428572
3636,1.0
3637,1.0
3638,0.95
3639,0.9814285714285714
3640,1.0
3641,1.0
3642,1.0
3643,0.99
3644,0.97
3645,1.0
3646,0.9985714285714286
3647,0.9971428571428571
3648,0.9985714285714286
3649,1.0
3650,0.89
3651,1.0
3652,0.7042857142857143
3653,0.17285714285714285
3654,1.0
3655,1.0
3656,1.0
3657,0.9957142857142857
3658,1.0
3659,1.0
3660,1.0
3661,1.0
3662,0.9671428571428572
3663,1.0
3664,0.9885714285714285
3665,1.0
3666,1.0
3667,0.98
3668,0.9957142857142857
3669,1.0
3670,0.9485714285714286
3671,0.98
3672,0.9971428571428571
3673,0.9957142857142857
3674,0.9871428571428571
3675,1.0
3676,0.9985714285714286
3677,0.9985714285714286
3678,1.0
3679,1.0
3680,1.0
3681,0.9957142857142857
3682,0.9985714285714286
3683,0.9071428571428571
3684,1.0
3685,0.9928571428571429
3686,0.9957142857142857
3687,0.9771428571428571
3688,0.9814285714285714
3689,1.0
3690,0.8528571428571429
3691,0.9971428571428571
3692,1.0
3693,1.0
3694,0.9828571428571429
3695,0.9971428571428571
3696,1.0
3697,1.0
3698,0.99
3699,0.9971428571428571
3700,0.9414285714285714
3701,1.0
3702,1.0
3703,0.9942857142857143
3704,0.9942857142857143
3705,0.99
3706,1.0
3707,1.0
3708,0.9985714285714286
3709,1.0
3710,1.0
3711,0.9971428571428571
3712,0.9842857142857143
3713,0.9971428571428571
3714,0.9971428571428571
3715,0.99
3716,1.0
3717,0.37285714285714283
3718,0.9985714285714286
3719,0.82
3720,0.7742857142857142
3721,0.9757142857142858
3722,0.9985714285714286
3723,1.0
3724,0.9914285714285714
3725,0.9985714285714286
3726,0.9742857142857143
3727,0.9457142857142857
3728,0.9971428571428571
3729,0.9828571428571429
3730,1.0
3731,1.0
3732,0.98
3733,0.9942857142857143
3734,0.9971428571428571
3735,0.9985714285714286
3736,0.9214285714285714
3737,1.0
3738,1.0
3739,0.9885714285714285
3740,1.0
3741,1.0
3742,1.0
3743,0.9114285714285715
3744,0.9985714285714286
3745,0.9928571428571429
3746,1.0
3747,0.9728571428571429
3748,0.9971428571428571
3749,1.0
3750,0.9985714285714286
3751,0.9942857142857143
3752,0.9371428571428572
3753,1.0
3754,0.9842857142857143
3755,1.0
3756,0.9871428571428571
3757,1.0
3758,1.0
3759,1.0
3760,1.0
3761,0.98
3762,1.0
3763,0.9657142857142857
3764,0.4357142857142857
3765,0.9971428571428571
3766,0.8414285714285714
3767,0.8485714285714285
3768,1.0
3769,0.9885714285714285
3770,0.9614285714285714
3771,0.9971428571428571
3772,0.9885714285714285
3773,1.0
3774,0.99
3775,1.0
3776,0.9957142857142857
3777,1.0
3778,0.9342857142857143
3779,0.9857142857142858
3780,0.9328571428571428
3781,0.9542857142857143
3782,0.9885714285714285
3783,1.0
3784,1.0
3785,0.77
3786,0.9928571428571429
3787,0.9985714285714286
3788,1.0
3789,0.9971428571428571
3790,0.9985714285714286
3791,1.0
3792,1.0
3793,0.9985714285714286
3794,0.9914285714285714
3795,0.8028571428571428
3796,0.9585714285714285
3797,0.9942857142857143
3798,0.9957142857142857
3799,0.6842857142857143
3800,0.99
3801,1.0
3802,0.8742857142857143
3803,1.0
3804,0.8985714285714286
3805,0.6714285714285714
3806,1.0
3807,0.9628571428571429
3808,0.9914285714285714
3809,1.0
3810,0.9957142857142857
3811,0.9971428571428571
3812,0.9985714285714286
3813,0.9971428571428571
3814,1.0
3815,1.0
3816,0.7671428571428571
3817,1.0
3818,0.99
3819,1.0
3820,0.9985714285714286
3821,1.0
3822,1.0
3823,0.9728571428571429
3824,0.9885714285714285
3825,0.9985714285714286
3826,0.8728571428571429
3827,0.5228571428571429
3828,0.9642857142857143
3829,0.98
3830,0.9785714285714285
3831,0.9685714285714285
3832,0.9985714285714286
3833,1.0
3834,0.9971428571428571
3835,0.9885714285714285
3836,1.0
3837,1.0
3838,0.8314285714285714
3839,0.9757142857142858
3840,1.0
3841,1.0
3842,0.9871428571428571
3843,0.9971428571428571
3844,0.9957142857142857
3845,0.9928571428571429
3846,0.9914285714285714
3847,0.9985714285714286
3848,0.6642857142857143
3849,0.9928571428571429
3850,0.9985714285714286
3851,0.8428571428571429
3852,0.99
3853,1.0
3854,1.0
3855,1.0
3856,1.0
3857,0.9928571428571429
3858,0.99
3859,1.0
3860,0.7557142857142857
3861,0.0014285714285714286
3862,0.007142857142857143
3863,0.014285714285714285
3864,0.02
3865,0.002857142857142857
3866,0.007142857142857143
3867,0.002857142857142857
3868,0.0
3869,0.0
3870,0.0
3871,0.002857142857142857
3872,0.0014285714285714286
3873,0.0014285714285714286
3874,0.007142857142857143
3875,0.0
3876,0.0
3877,0.0
3878,0.005714285714285714
3879,0.0
3880,0.041428571428571426
3881,0.0
3882,0.0
3883,0.0
3884,0.0
3885,0.005714285714285714
3886,0.0014285714285714286
3887,0.0014285714285714286
3888,0.01
3889,0.0
3890,0.0
3891,0.0014285714285714286
3892,0.1657142857142857
3893,0.0
3894,0.0
3895,0.022857142857142857
3896,0.018571428571428572
3897,0.004285714285714286
3898,0.0014285714285714286
3899,0.012857142857142857
3900,0.0
3901,0.0014285714285714286
3902,0.21857142857142858
3903,0.03142857142857143
3904,0.04428571428571428
3905,0.0014285714285714286
3906,0.007142857142857143
3907,0.0
3908,0.011428571428571429
3909,0.0014285714285714286
3910,0.002857142857142857
3911,0.04428571428571428
3912,0.002857142857142857
3913,0.0014285714285714286
3914,0.0
3915,0.0
3916,0.002857142857142857
3917,0.002857142857142857
3918,0.0014285714285714286
3919,0.0014285714285714286
3920,0.0
3921,0.01
3922,0.0
3923,0.01
3924,0.0
3925,0.02142857142857143
3926,0.0014285714285714286
3927,0.011428571428571429
3928,0.012857142857142857
3929,0.01
3930,0.005714285714285714
3931,0.0014285714285714286
3932,0.0
3933,0.002857142857142857
3934,0.002857142857142857
3935,0.004285714285714286
3936,0.0014285714285714286
3937,0.01
3938,0.0014285714285714286
3939,0.002857142857142857
3940,0.03
3941,0.0014285714285714286
3942,0.004285714285714286
3943,0.008571428571428572
3944,0.0
3945,0.0
3946,0.002857142857142857
3947,0.0014285714285714286
3948,0.002857142857142857
3949,0.002857142857142857
3950,0.3557142857142857
3951,0.0
3952,0.0
3953,0.0
3954,0.0
3955,0.017142857142857144
3956,0.11285714285714285
3957,0.002857142857142857
3958,0.0014285714285714286
3959,0.012857142857142857
3960,0.0014285714285714286
3961,0.014285714285714285
3962,0.015714285714285715
3963,0.002857142857142857
3964,0.0014285714285714286
3965,0.05857142857142857
3966,0.037142857142857144
3967,0.014285714285714285
3968,0.0
3969,0.045714285714285714
3970,0.03
3971,0.011428571428571429
3972,0.005714285714285714
3973,0.025714285714285714
3974,0.02857142857142857
3975,0.06142857142857143
3976,0.08
3977,0.002857142857142857
3978,0.0014285714285714286
3979,0.0
3980,0.027142857142857142
3981,0.0014285714285714286
3982,0.002857142857142857
3983,0.005714285714285714
3984,0.0
3985,0.07857142857142857
3986,0.015714285714285715
3987,0.002857142857142857
3988,0.36428571428571427
3989,0.004285714285714286
3990,0.015714285714285715
3991,0.017142857142857144
3992,0.005714285714285714
3993,0.004285714285714286
3994,0.002857142857142857
3995,0.004285714285714286
3996,0.0
3997,0.0014285714285714286
3998,0.0
3999,0.03
4000,0.0
4001,0.01
4002,0.004285714285714286
4003,0.07142857142857142
4004,0.004285714285714286
4005,0.0
4006,0.005714285714285714
4007,0.004285714285714286
4008,0.012857142857142857
4009,0.004285714285714286
4010,0.004285714285714286
4011,0.0014285714285714286
4012,0.0
4013,0.09428571428571429
4014,0.012857142857142857
4015,0.0014285714285714286
4016,0.0014285714285714286
4017,0.014285714285714285
4018,0.03428571428571429
4019,0.0
4020,0.0014285714285714286
4021,0.037142857142857144
4022,0.018571428571428572
4023,0.022857142857142857
4024,0.0014285714285714286
4025,0.0014285714285714286
4026,0.004285714285714286
4027,0.002857142857142857
4028,0.0
4029,0.0
4030,0.005714285714285714
4031,0.0014285714285714286
4032,0.0014285714285714286
4033,0.015714285714285715
4034,0.04428571428571428
4035,0.0014285714285714286
4036,0.011428571428571429
4037,0.004285714285714286
4038,0.004285714285714286
4039,0.005714285714285714
4040,0.014285714285714285
4041,0.0014285714285714286
4042,0.0
4043,0.01
4044,0.008571428571428572
4045,0.0
4046,0.007142857142857143
4047,0.004285714285714286
4048,0.0
4049,0.0014285714285714286
4050,0.017142857142857144
4051,0.041428571428571426
4052,0.0
4053,0.004285714285714286
4054,0.0
4055,0.0014285714285714286
4056,0.012857142857142857
4057,0.0
4058,0.045714285714285714
4059,0.0
4060,0.018571428571428572
4061,0.022857142857142857
4062,0.0
4063,0.004285714285714286
4064,0.025714285714285714
4065,0.012857142857142857
4066,0.0
4067,0.0
4068,0.04857142857142857
4069,0.024285714285714285
4070,0.0
4071,0.0
4072,0.0
4073,0.0
4074,0.008571428571428572
4075,0.06285714285714286
4076,0.014285714285714285
4077,0.02
4078,0.004285714285714286
4079,0.0014285714285714286
4080,0.007142857142857143
4081,0.0
4082,0.0
4083,0.0
4084,0.002857142857142857
4085,0.005714285714285714
4086,0.01
4087,0.005714285714285714
4088,0.0
4089,0.005714285714285714
4090,0.024285714285714285
4091,0.0
4092,0.0
4093,0.002857142857142857
4094,0.0014285714285714286
4095,0.10142857142857142
4096,0.0014285714285714286
4097,0.002857142857142857
4098,0.0
4099,0.05285714285714286
4100,0.007142857142857143
4101,0.024285714285714285
4102,0.018571428571428572
4103,0.07428571428571429
4104,0.01
4105,0.002857142857142857
4106,0.0014285714285714286
4107,0.0
4108,0.004285714285714286
4109,0.007142857142857143
4110,0.024285714285714285
4111,0.06142857142857143
4112,0.0
4113,0.0
4114,0.004285714285714286
4115,0.0
4116,0.018571428571428572
4117,0.02
4118,0.2814285714285714
4119,0.022857142857142857
4120,0.01
4121,0.07285714285714286
4122,0.0
4123,0.004285714285714286
4124,0.011428571428571429
4125,0.011428571428571429
4126,0.0014285714285714286
4127,0.0014285714285714286
4128,0.027142857142857142
4129,0.0
4130,0.018571428571428572
4131,0.0
4132,0.0014285714285714286
4133,0.002857142857142857
4134,0.07571428571428572
4135,0.0014285714285714286
4136,0.14857142857142858
4137,0.0
4138,0.015714285714285715
4139,0.017142857142857144
4140,0.007142857142857143
4141,0.005714285714285714
4142,0.01
4143,0.0
4144,0.012857142857142857
4145,0.008571428571428572
4146,0.0
4147,0.0
4148,0.0
4149,0.015714285714285715
4150,0.11
4151,0.32857142857142857
4152,0.012857142857142857
4153,0.017142857142857144
4154,0.012857142857142857
4155,0.06714285714285714
4156,0.0
4157,0.037142857142857144
4158,0.0014285714285714286
4159,0.0
4160,0.0014285714285714286
4161,0.0014285714285714286
4162,0.0
4163,0.0014285714285714286
4164,0.0
4165,0.04
4166,0.01
4167,0.002857142857142857
4168,0.011428571428571429
4169,0.04
4170,0.002857142857142857
4171,0.0014285714285714286
4172,0.008571428571428572
4173,0.024285714285714285
4174,0.07142857142857142
4175,0.0
4176,0.0014285714285714286
4177,0.0
4178,0.06428571428571428
4179,0.004285714285714286
4180,0.005714285714285714
4181,0.002857142857142857
4182,0.004285714285714286
4183,0.03
4184,0.005714285714285714
4185,0.0014285714285714286
4186,0.015714285714285715
4187,0.36857142857142855
4188,0.002857142857142857
4189,0.005714285714285714
4190,0.002857142857142857
4191,0.007142857142857143
4192,0.06142857142857143
4193,0.011428571428571429
4194,0.0
4195,0.0
4196,0.004285714285714286
4197,0.004285714285714286
4198,0.0014285714285714286
4199,0.004285714285714286
4200,0.0014285714285714286
4201,0.0
4202,0.002857142857142857
4203,0.007142857142857143
4204,0.005714285714285714
4205,0.04428571428571428
4206,0.022857142857142857
4207,0.0
4208,0.004285714285714286
4209,0.02142857142857143
4210,0.024285714285714285
4211,0.004285714285714286
4212,0.015714285714285715
4213,0.0014285714285714286
4214,0.018571428571428572
4215,0.005714285714285714
4216,0.02142857142857143
4217,0.07142857142857142
4218,0.0014285714285714286
4219,0.008571428571428572
4220,0.007142857142857143
4221,0.06714285714285714
4222,0.0
4223,0.0
4224,0.008571428571428572
4225,0.015714285714285715
4226,0.0
4227,0.0
4228,0.0
4229,0.015714285714285715
4230,0.0014285714285714286
4231,0.0014285714285714286
4232,0.0
4233,0.0
4234,0.0
4235,0.0
4236,0.018571428571428572
4237,0.04857142857142857
4238,0.032857142857142856
4239,0.0014285714285714286
4240,0.025714285714285714
4241,0.054285714285714284
4242,0.0
4243,0.004285714285714286
4244,0.027142857142857142
4245,0.002857142857142857
4246,0.04285714285714286
4247,0.017142857142857144
4248,0.0
4249,0.022857142857142857
4250,0.004285714285714286
4251,0.007142857142857143
4252,0.0014285714285714286
4253,0.011428571428571429
4254,0.02142857142857143
4255,0.0
4256,1.0
4257,0.9357142857142857
4258,1.0
4259,0.8014285714285714
4260,1.0
4261,0.9871428571428571
4262,0.9985714285714286
4263,1.0
4264,0.9914285714285714
4265,1.0
4266,0.9742857142857143
4267,0.5957142857142858
4268,1.0
4269,1.0
4270,1.0
4271,1.0
4272,1.0
4273,0.9971428571428571
4274,0.9728571428571429
4275,1.0
4276,1.0
4277,1.0
4278,1.0
4279,0.7628571428571429
4280,1.0
4281,0.9771428571428571
4282,1.0
4283,0.9971428571428571
4284,0.9985714285714286
4285,0.9985714285714286
4286,0.9728571428571429
4287,0.98
4288,0.9942857142857143
4289,1.0
4290,0.9971428571428571
4291,0.4942857142857143
4292,0.9957142857142857
4293,0.9985714285714286
4294,1.0
4295,0.9985714285714286
4296,1.0
4297,0.94
4298,1.0
4299,0.93
4300,0.9857142857142858
4301,0.9985714285714286
4302,0.9942857142857143
4303,0.9728571428571429
4304,0.9671428571428572
4305,0.9985714285714286
4306,0.95
4307,0.9814285714285714
4308,0.9985714285714286
4309,1.0
4310,0.9914285714285714
4311,0.9971428571428571
4312,1.0
4313,0.9985714285714286
4314,1.0
4315,0.6757142857142857
4316,1.0
4317,1.0
4318,0.9857142857142858
4319,0.9871428571428571
4320,1.0
4321,1.0
4322,0.9642857142857143
4323,1.0
4324,0.99
4325,0.9957142857142857
4326,0.9928571428571429
4327,0.9957142857142857
4328,1.0
4329,1.0
4330,0.9414285714285714
4331,0.9914285714285714
4332,1.0
4333,0.9485714285714286
4334,0.98
4335,0.9942857142857143
4336,0.9971428571428571
4337,0.9985714285714286
4338,0.9885714285714285
4339,1.0
4340,1.0
4341,0.9985714285714286
4342,0.9742857142857143
4343,0.9942857142857143
4344,1.0
4345,0.9442857142857143
4346,0.9914285714285714
4347,0.9957142857142857
4348,0.9814285714285714
4349,0.8528571428571429
4350,0.9971428571428571
4351,0.9957142857142857
4352,1.0
4353,1.0
4354,0.9828571428571429
4355,0.9857142857142858
4356,0.9971428571428571
4357,1.0
4358,1.0
4359,0.9885714285714285
4360,0.9971428571428571
4361,0.9971428571428571
4362,0.9985714285714286
4363,0.9985714285714286
4364,1.0
4365,0.99
4366,0.9885714285714285
4367,0.9971428571428571
4368,1.0
4369,1.0
4370,0.99
4371,0.9928571428571429
4372,0.9757142857142858
4373,1.0
4374,0.9328571428571428
4375,0.9942857142857143
4376,0.9985714285714286
4377,0.9985714285714286
4378,1.0
4379,0.9828571428571429
4380,1.0
4381,0.98
4382,0.9942857142857143
4383,0.9985714285714286
4384,1.0
4385,0.84
4386,0.9985714285714286
4387,0.9114285714285715
4388,0.9957142857142857
4389,0.7514285714285714
4390,0.9971428571428571
4391,0.9914285714285714
4392,0.9542857142857143
4393,0.9014285714285715
4394,1.0
4395,0.9985714285714286
4396,1.0
4397,0.9885714285714285
4398,0.9371428571428572
4399,0.99
4400,1.0
4401,0.9842857142857143
4402,0.9842857142857143
4403,1.0
4404,0.9971428571428571
4405,0.9871428571428571
4406,0.98
4407,0.9842857142857143
4408,1.0
4409,1.0
4410,1.0
4411,0.9957142857142857
4412,1.0
4413,0.9414285714285714
4414,1.0
4415,1.0
4416,0.9957142857142857
4417,0.4357142857142857
4418,0.9971428571428571
4419,0.9971428571428571
4420,0.72
4421,0.9628571428571429
4422,1.0
4423,0.9971428571428571
4424,0.9942857142857143
4425,0.9942857142857143
4426,0.9614285714285714
4427,1.0
4428,0.98
4429,1.0
4430,0.9328571428571428
4431,1.0
4432,1.0
4433,0.9885714285714285
4434,0.9342857142857143
4435,0.9971428571428571
4436,0.9857142857142858
4437,0.9842857142857143
4438,0.9985714285714286
4439,0.77
4440,0.9985714285714286
4441,1.0
4442,1.0
4443,1.0
4444,0.9771428571428571
4445,1.0
4446,0.8328571428571429
4447,0.9328571428571428
4448,0.6514285714285715
4449,0.9957142857142857
4450,0.6842857142857143
4451,0.99
4452,1.0
4453,1.0
4454,1.0
4455,1.0
4456,0.9971428571428571
4457,0.8985714285714286
4458,0.6714285714285714
4459,1.0
4460,0.9914285714285714
4461,0.7514285714285714
4462,1.0
4463,0.9914285714285714
4464,0.9685714285714285
4465,0.7028571428571428
4466,0.9971428571428571
4467,0.9985714285714286
4468,0.9957142857142857
4469,1.0
4470,1.0
4471,0.9957142857142857
4472,0.9985714285714286
4473,0.9957142857142857
4474,0.9985714285714286
4475,1.0
4476,1.0
4477,0.9971428571428571
4478,0.8157142857142857
4479,0.94
4480,1.0
4481,0.9828571428571429
4482,0.99
4483,0.98
4484,0.8171428571428572
4485,1.0
4486,0.9985714285714286
4487,0.9957142857142857
4488,0.9785714285714285
4489,0.8871428571428571
4490,0.9714285714285714
4491,0.96
4492,0.9828571428571429
4493,0.91
4494,0.9771428571428571
4495,0.9985714285714286
4496,0.6485714285714286
4497,1.0
4498,0.83
4499,0.9985714285714286
4500,1.0
4501,0.9742857142857143
4502,1.0
4503,1.0
4504,0.9042857142857142
4505,0.9814285714285714
4506,1.0
4507,1.0
